venue_id,venue_name,city,country,research_priority,candidate_source,item_name,item_priority,kind,confidence,catalog_id,why_for_visitor,notes
taronga-zoo,Taronga Zoo,Sydney,Australia,1,researched,Giraffe + skyline view,1,animal,verified,reticulated-giraffe,Photo moment,
taronga-zoo,Taronga Zoo,Sydney,Australia,1,researched,Koala,1,animal,verified,,Aussie icon tourists expect,No catalog_id — priority add
taronga-zoo,Taronga Zoo,Sydney,Australia,1,researched,Sumatran tiger (Tiger Trek),1,animal,verified,sumatran-tiger,Signature immersive exhibit,
taronga-zoo,Taronga Zoo,Sydney,Australia,1,researched,African lion,2,animal,verified,african-lion,,
taronga-zoo,Taronga Zoo,Sydney,Australia,1,researched,Platypus,2,animal,verified,,,Harder to see; high wow if visible
taronga-zoo,Taronga Zoo,Sydney,Australia,1,researched,Red kangaroo / Aussie trail,2,animal,verified,,,
taronga-zoo,Taronga Zoo,Sydney,Australia,1,researched,Seal / sea-lion,2,animal,verified,,,
taronga-zoo,Taronga Zoo,Sydney,Australia,1,researched,Western lowland gorilla,2,animal,verified,western-lowland-gorilla,,
taronga-zoo,Taronga Zoo,Sydney,Australia,1,researched,Bird show (if scheduled),3,experience,high,,,
taronga-zoo,Taronga Zoo,Sydney,Australia,1,researched,Chimpanzee,3,animal,verified,chimpanzee,,
taronga-zoo,Taronga Zoo,Sydney,Australia,1,researched,Red panda,3,animal,verified,red-panda,,
taronga-zoo,Taronga Zoo,Sydney,Australia,1,researched,Seal show / talks,3,experience,medium,,,
taronga-zoo,Taronga Zoo,Sydney,Australia,1,researched,Sun bear,3,animal,verified,,,
dublin-zoo,Dublin Zoo,Dublin,Ireland,1,researched,Asian elephant (Kaziranga Trail),1,animal,verified,,Signature trail,
dublin-zoo,Dublin Zoo,Dublin,Ireland,1,researched,Family Farm,1,zone,verified,,Toddlers,
dublin-zoo,Dublin Zoo,Dublin,Ireland,1,researched,Giraffe / African Savanna,1,animal,verified,reticulated-giraffe,,
dublin-zoo,Dublin Zoo,Dublin,Ireland,1,researched,Gorilla Rainforest,1,animal,verified,western-lowland-gorilla,,
dublin-zoo,Dublin Zoo,Dublin,Ireland,1,researched,Sea lion / penguin areas,2,animal,high,african-penguin,,
dublin-zoo,Dublin Zoo,Dublin,Ireland,1,researched,Tiger / big cats,2,animal,medium,sumatran-tiger,,
dublin-zoo,Dublin Zoo,Dublin,Ireland,1,researched,Zebra / rhino (savanna),2,animal,high,zebra,,
dublin-zoo,Dublin Zoo,Dublin,Ireland,1,researched,Meerkat,3,animal,medium,,,
ueno-zoo,Ueno Zoo,Tokyo,Japan,1,researched,Gorilla,1,animal,high,western-lowland-gorilla,,
ueno-zoo,Ueno Zoo,Tokyo,Japan,1,researched,Red panda,1,animal,verified,red-panda,Still a panda-family highlight without giant pandas,
ueno-zoo,Ueno Zoo,Tokyo,Japan,1,researched,Tiger,1,animal,high,sumatran-tiger,Major carnivore draw,
ueno-zoo,Ueno Zoo,Tokyo,Japan,1,researched,Asian elephant (confirm),2,animal,medium,,,Ueno historically Asian elephants — not African; verify live
ueno-zoo,Ueno Zoo,Tokyo,Japan,1,researched,Children's Zoo / farm,2,zone,high,,Younger kids,
ueno-zoo,Ueno Zoo,Tokyo,Japan,1,researched,Giraffe,2,animal,high,reticulated-giraffe,,
ueno-zoo,Ueno Zoo,Tokyo,Japan,1,researched,Small Mammal House,2,zone,high,,Strong architecture + unusual small mammals,
ueno-zoo,Ueno Zoo,Tokyo,Japan,1,researched,Five-storied pagoda views / Vivarium area,3,zone,medium,,,
ueno-zoo,Ueno Zoo,Tokyo,Japan,1,researched,Flamingo,3,animal,medium,caribbean-flamingo,,American flamingo noted in zoo news
ueno-zoo,Ueno Zoo,Tokyo,Japan,1,researched,Otter,3,animal,medium,asian-small-clawed-otter,,
ueno-zoo,Ueno Zoo,Tokyo,Japan,1,researched,Giant panda,5,animal,verified,,Was the #1 tourist reason; now gone,ABSENT as of Jan 2026 — do not promise
singapore-night-safari,Night Safari,Singapore,Singapore,1,researched,Asian elephant (night viewing),1,animal,high,,,
singapore-night-safari,Night Safari,Singapore,Singapore,1,researched,Safari Adventure Tram,1,experience,verified,,Core format,
singapore-night-safari,Night Safari,Singapore,Singapore,1,researched,Walking trails (Pangolin etc.),1,experience,verified,,,
singapore-night-safari,Night Safari,Singapore,Singapore,1,researched,Asian small-clawed otter,2,animal,high,asian-small-clawed-otter,,
singapore-night-safari,Night Safari,Singapore,Singapore,1,researched,Fishing cat / leopard cat trail animals,2,animal,high,,,
singapore-night-safari,Night Safari,Singapore,Singapore,1,researched,Lion (night habitat),2,animal,medium,african-lion,,
singapore-night-safari,Night Safari,Singapore,Singapore,1,researched,Slow loris,2,animal,high,,,
singapore-night-safari,Night Safari,Singapore,Singapore,1,researched,Sunda pangolin (trail),2,animal,verified,,,Highlighted on official trails
singapore-night-safari,Night Safari,Singapore,Singapore,1,researched,Tasmanian devil trail,3,animal,verified,,,
singapore-zoo,Singapore Zoo,Singapore,Singapore,1,researched,Elephants of Asia,1,zone,verified,,Named zone,
singapore-zoo,Singapore Zoo,Singapore,Singapore,1,researched,Giraffe (feeding if offered),1,animal,verified,reticulated-giraffe,,
singapore-zoo,Singapore Zoo,Singapore,Singapore,1,researched,Orangutan (free-ranging / Island),1,animal,verified,,#1 reason to visit,No catalog_id yet — highest Singapore priority; consider adding catalog animal
singapore-zoo,Singapore Zoo,Singapore,Singapore,1,researched,Fragile Forest / free-flight,2,zone,high,,,
singapore-zoo,Singapore Zoo,Singapore,Singapore,1,researched,Great Rift Valley of Ethiopia,2,zone,verified,,,
singapore-zoo,Singapore Zoo,Singapore,Singapore,1,researched,KidzWorld,2,zone,high,,Young kids reset,
singapore-zoo,Singapore Zoo,Singapore,Singapore,1,researched,Primate Kingdom,2,zone,high,,,
singapore-zoo,Singapore Zoo,Singapore,Singapore,1,researched,Tiger (Malayan/Sumatran),2,animal,high,sumatran-tiger,,
singapore-zoo,Singapore Zoo,Singapore,Singapore,1,researched,African lion,3,animal,medium,african-lion,,
singapore-zoo,Singapore Zoo,Singapore,Singapore,1,researched,Otter,3,animal,high,asian-small-clawed-otter,,
singapore-zoo,Singapore Zoo,Singapore,Singapore,1,researched,Reptile Kingdom / Komodo if shown,3,animal,medium,,,
singapore-zoo,Singapore Zoo,Singapore,Singapore,1,researched,White tiger / big cats (confirm current),3,animal,medium,,,
edinburgh-zoo,Edinburgh Zoo,Edinburgh,United Kingdom,1,researched,Chimpanzee (Budongo Trail),1,animal,verified,chimpanzee,,
edinburgh-zoo,Edinburgh Zoo,Edinburgh,United Kingdom,1,researched,Giraffe,1,animal,high,reticulated-giraffe,,
edinburgh-zoo,Edinburgh Zoo,Edinburgh,United Kingdom,1,researched,Penguin (Penguin Rock),1,animal,verified,african-penguin,,Species may be king/gentoo/others — use penguin find
edinburgh-zoo,Edinburgh Zoo,Edinburgh,United Kingdom,1,researched,Koala (if still present),2,animal,medium,,,Historically marketed; verify
edinburgh-zoo,Edinburgh Zoo,Edinburgh,United Kingdom,1,researched,Tiger / lion,2,animal,high,sumatran-tiger,,
edinburgh-zoo,Edinburgh Zoo,Edinburgh,United Kingdom,1,researched,Red panda,3,animal,high,red-panda,,
edinburgh-zoo,Edinburgh Zoo,Edinburgh,United Kingdom,1,researched,Sun bear,3,animal,medium,,,
edinburgh-zoo,Edinburgh Zoo,Edinburgh,United Kingdom,1,researched,Hilltop views / weavers,4,experience,medium,,,
london-zoo,London Zoo,London,United Kingdom,1,researched,Asiatic lion,1,animal,verified,,,Stocktake 2026
london-zoo,London Zoo,London,United Kingdom,1,researched,Gorilla (Gorilla Kingdom),1,animal,verified,western-lowland-gorilla,Flagship exhibit,
london-zoo,London Zoo,London,United Kingdom,1,researched,Humboldt penguin,1,animal,verified,,"Active, kid-friendly",Stocktake 2026 highlights large colony
london-zoo,London Zoo,London,United Kingdom,1,researched,Tiger,1,animal,high,sumatran-tiger,,
london-zoo,London Zoo,London,United Kingdom,1,researched,Children's play / under-5s areas,2,zone,medium,,,
london-zoo,London Zoo,London,United Kingdom,1,researched,Land of the Lions,2,zone,high,,,
london-zoo,London Zoo,London,United Kingdom,1,researched,Madagascar zone / lemurs,2,zone,high,ring-tailed-lemur,,
london-zoo,London Zoo,London,United Kingdom,1,researched,Tiger / lion themed zones,2,zone,high,,,
london-zoo,London Zoo,London,United Kingdom,1,researched,Two-toed sloth,2,animal,high,two-toed-sloth,Rainforest / visitor favorite,
london-zoo,London Zoo,London,United Kingdom,1,researched,Capybara,3,animal,verified,,,Mentioned in 2026 stocktake
london-zoo,London Zoo,London,United Kingdom,1,researched,Galápagos tortoise,3,animal,high,galapagos-tortoise,,
london-zoo,London Zoo,London,United Kingdom,1,researched,In with the Lemurs / Monkey Valley,3,zone,medium,,,
nhm-london,Natural History Museum,London,United Kingdom,1,researched,Dinosaur gallery / T. rex,1,exhibit,verified,sci-dinosaur,,
nhm-london,Natural History Museum,London,United Kingdom,1,researched,Hintze Hall / whale / main hall icon,1,exhibit,high,,,
nhm-london,Natural History Museum,London,United Kingdom,1,researched,Earth / volcano / earthquake zone,2,exhibit,high,,,
nhm-london,Natural History Museum,London,United Kingdom,1,researched,Human evolution / Curious Creatures style hands-on,2,exhibit,medium,sci-hands-on,,
nhm-london,Natural History Museum,London,United Kingdom,1,researched,Mammals / blue whale model history,2,exhibit,high,sci-mammal-hall,,
nhm-london,Natural History Museum,London,United Kingdom,1,researched,Investigate Centre / family activities if open,3,experience,medium,,,
nhm-london,Natural History Museum,London,United Kingdom,1,researched,Minerals / gemstones,3,exhibit,high,,,
nhm-london,Natural History Museum,London,United Kingdom,1,researched,Wildlife Garden (seasonal outdoor),3,zone,medium,,,
dallas-zoo,Dallas Zoo,Dallas,United States,1,researched,African elephant,1,animal,verified,african-elephant,Savanna icon; calf news/adopt messaging active,
dallas-zoo,Dallas Zoo,Dallas,United States,1,researched,Children's Zoo (Lacerte),1,zone,verified,,Toddler reset; Birds Landing nearby,
dallas-zoo,Dallas Zoo,Dallas,United States,1,researched,Giraffe (Giraffe Ridge feeding),1,animal,verified,reticulated-giraffe,Signature Dallas feeding platform — venue-true,
dallas-zoo,Dallas Zoo,Dallas,United States,1,researched,Lion,1,animal,high,african-lion,Savanna highlight,
dallas-zoo,Dallas Zoo,Dallas,United States,1,researched,Gorilla Trail,2,animal,high,western-lowland-gorilla,Named trail; good pacing,
dallas-zoo,Dallas Zoo,Dallas,United States,1,researched,Monorail / Adventure Safari,2,experience,high,,Overview of Africa habitats; ticketed,
dallas-zoo,Dallas Zoo,Dallas,United States,1,researched,Penguin,2,animal,high,african-penguin,,
dallas-zoo,Dallas Zoo,Dallas,United States,1,researched,Tiger habitat,2,animal,high,sumatran-tiger,,
dallas-zoo,Dallas Zoo,Dallas,United States,1,researched,Hippo,3,animal,medium,nile-hippo,,
dallas-zoo,Dallas Zoo,Dallas,United States,1,researched,Koala Walkabout,3,animal,high,,,Newer feature per parks materials
dallas-zoo,Dallas Zoo,Dallas,United States,1,researched,Flamingo,4,animal,medium,caribbean-flamingo,,
beijing-zoo,Beijing Zoo,Beijing,China,2,researched,Giant panda,1,animal,high,giant-panda,Primary tourist draw,
beijing-zoo,Beijing Zoo,Beijing,China,2,researched,Elephant,2,animal,medium,african-elephant,,Confirm Asian vs African
beijing-zoo,Beijing Zoo,Beijing,China,2,researched,Golden monkey / rare China species,2,animal,medium,,,
beijing-zoo,Beijing Zoo,Beijing,China,2,researched,Tiger,2,animal,medium,sumatran-tiger,,
beijing-zoo,Beijing Zoo,Beijing,China,2,researched,Aquarium / undersea if co-located visit,3,zone,medium,,,
beijing-zoo,Beijing Zoo,Beijing,China,2,researched,Giraffe,3,animal,medium,reticulated-giraffe,,
thinkery,Thinkery,Austin,United States,2,researched,Current featured zones from catalog pack,1,zone,high,,,Prefer live pack zone IDs over generic
childrens-museum-perot,Children's Museum (Perot),Dallas,United States,2,researched,Imaginarium,1,zone,high,cm-imaginarium,,
childrens-museum-perot,Children's Museum (Perot),Dallas,United States,2,researched,Toddler Garden,1,zone,high,cm-toddler-garden,,
childrens-museum-perot,Children's Museum (Perot),Dallas,United States,2,researched,Water / waterfall play,1,zone,high,cm-waterfall,,
childrens-museum-perot,Children's Museum (Perot),Dallas,United States,2,researched,Woven Wonders,1,zone,high,cm-woven,,
childrens-museum-perot,Children's Museum (Perot),Dallas,United States,2,researched,Makery,2,zone,high,cm-makery,,
childrens-museum-perot,Children's Museum (Perot),Dallas,United States,2,researched,Outdoor,2,zone,high,cm-outdoor,,
childrens-museum-perot,Children's Museum (Perot),Dallas,United States,2,researched,Art lab,3,zone,high,cm-art-lab,,
montreal-biodome,Montreal Biodome,Montreal,Canada,8,researched,Laurentian maple forest,1,zone,verified,,,
montreal-biodome,Montreal Biodome,Montreal,Canada,8,researched,Subantarctic / penguin zone,1,zone,verified,african-penguin,,Penguin species may be different — use generic penguin find
montreal-biodome,Montreal Biodome,Montreal,Canada,8,researched,Tropical rainforest ecosystem,1,zone,verified,sci-rainforest,,
montreal-biodome,Montreal Biodome,Montreal,Canada,8,researched,Gulf of St. Lawrence / marine,2,zone,verified,sci-aquarium-zone,,
montreal-biodome,Montreal Biodome,Montreal,Canada,8,researched,Labrador Coast / subpolar contrast,2,zone,high,,,
montreal-biodome,Montreal Biodome,Montreal,Canada,8,researched,Hands-on / Naturalia learning spaces,3,exhibit,medium,sci-hands-on,,
shedd-aquarium,Shedd Aquarium,Chicago,United States,1,template:generic_aquarium,Ray / touch pool if open,1,animal,template,stingray,Interactive,
shedd-aquarium,Shedd Aquarium,Chicago,United States,1,template:generic_aquarium,Shark,1,animal,template,shark,Hero tank,
shedd-aquarium,Shedd Aquarium,Chicago,United States,1,template:generic_aquarium,Tunnel / underwater walk,1,experience,template,,Signature aquarium moment,
shedd-aquarium,Shedd Aquarium,Chicago,United States,1,template:generic_aquarium,Jellyfish,2,animal,template,jellyfish,Mesmerizing for toddlers,
shedd-aquarium,Shedd Aquarium,Chicago,United States,1,template:generic_aquarium,Octopus,2,animal,template,octopus,Hide-and-seek fun,
shedd-aquarium,Shedd Aquarium,Chicago,United States,1,template:generic_aquarium,Penguin (if present),2,animal,template,african-penguin,Many aquariums have them,
shedd-aquarium,Shedd Aquarium,Chicago,United States,1,template:generic_aquarium,Sea turtle,2,animal,template,sea-turtle,Easy ID,
shedd-aquarium,Shedd Aquarium,Chicago,United States,1,template:generic_aquarium,Clownfish / reef,3,animal,template,clownfish,Color pop,
shedd-aquarium,Shedd Aquarium,Chicago,United States,1,template:generic_aquarium,Seahorse,3,animal,template,seahorse,Small find challenge,
monterey-bay-aquarium,Monterey Bay Aquarium,Monterey,United States,1,template:generic_aquarium,Ray / touch pool if open,1,animal,template,stingray,Interactive,
monterey-bay-aquarium,Monterey Bay Aquarium,Monterey,United States,1,template:generic_aquarium,Shark,1,animal,template,shark,Hero tank,
monterey-bay-aquarium,Monterey Bay Aquarium,Monterey,United States,1,template:generic_aquarium,Tunnel / underwater walk,1,experience,template,,Signature aquarium moment,
monterey-bay-aquarium,Monterey Bay Aquarium,Monterey,United States,1,template:generic_aquarium,Jellyfish,2,animal,template,jellyfish,Mesmerizing for toddlers,
monterey-bay-aquarium,Monterey Bay Aquarium,Monterey,United States,1,template:generic_aquarium,Octopus,2,animal,template,octopus,Hide-and-seek fun,
monterey-bay-aquarium,Monterey Bay Aquarium,Monterey,United States,1,template:generic_aquarium,Penguin (if present),2,animal,template,african-penguin,Many aquariums have them,
monterey-bay-aquarium,Monterey Bay Aquarium,Monterey,United States,1,template:generic_aquarium,Sea turtle,2,animal,template,sea-turtle,Easy ID,
monterey-bay-aquarium,Monterey Bay Aquarium,Monterey,United States,1,template:generic_aquarium,Clownfish / reef,3,animal,template,clownfish,Color pop,
monterey-bay-aquarium,Monterey Bay Aquarium,Monterey,United States,1,template:generic_aquarium,Seahorse,3,animal,template,seahorse,Small find challenge,
amnh,American Museum of Natural History,New York,United States,1,template:generic_science,Dinosaur / fossil hall,1,exhibit,template,sci-dinosaur,,
amnh,American Museum of Natural History,New York,United States,1,template:generic_science,Hands-on lab / makerspace,1,exhibit,template,sci-hands-on,,
amnh,American Museum of Natural History,New York,United States,1,template:generic_science,Live animal / aquarium corner,2,exhibit,template,sci-aquarium-zone,,
amnh,American Museum of Natural History,New York,United States,1,template:generic_science,Outdoor play,2,zone,template,cm-outdoor,,
amnh,American Museum of Natural History,New York,United States,1,template:generic_science,Planet / space area,2,exhibit,template,sci-planet,,
amnh,American Museum of Natural History,New York,United States,1,template:generic_science,Toddler soft space,2,zone,template,cm-toddler-garden,,
bronx-zoo,Bronx Zoo,New York,United States,1,template:generic_zoo,Elephant,1,animal,template,african-elephant,"Large, memorable; confirm African vs Asian",
bronx-zoo,Bronx Zoo,New York,United States,1,template:generic_zoo,Giraffe,1,animal,template,reticulated-giraffe,"Tall, easy for kids to spot",
bronx-zoo,Bronx Zoo,New York,United States,1,template:generic_zoo,Lion,1,animal,template,african-lion,Iconic big cat; often near savanna,
bronx-zoo,Bronx Zoo,New York,United States,1,template:generic_zoo,Children's zoo / farm,2,zone,template,,Rest + little kids reset,
bronx-zoo,Bronx Zoo,New York,United States,1,template:generic_zoo,Gorilla or large ape,2,animal,template,western-lowland-gorilla,Primate house highlight,
bronx-zoo,Bronx Zoo,New York,United States,1,template:generic_zoo,Penguin,2,animal,template,african-penguin,"Active, kid magnet",
bronx-zoo,Bronx Zoo,New York,United States,1,template:generic_zoo,Tiger,2,animal,template,sumatran-tiger,Stripes; popular photo stop,
bronx-zoo,Bronx Zoo,New York,United States,1,template:generic_zoo,Otter,3,animal,template,asian-small-clawed-otter,Active water play,
bronx-zoo,Bronx Zoo,New York,United States,1,template:generic_zoo,Playground / splash if open,3,experience,template,,Energy burn between animals,
bronx-zoo,Bronx Zoo,New York,United States,1,template:generic_zoo,Red panda,3,animal,template,red-panda,Cute climber; not giant panda,
bronx-zoo,Bronx Zoo,New York,United States,1,template:generic_zoo,Zebra,3,animal,template,zebra,Pattern hunt,
bronx-zoo,Bronx Zoo,New York,United States,1,template:generic_zoo,Tortoise,4,animal,template,galapagos-tortoise,"Slow, close views",
san-diego-zoo,San Diego Zoo,San Diego,United States,1,template:generic_zoo,Elephant,1,animal,template,african-elephant,"Large, memorable; confirm African vs Asian",
san-diego-zoo,San Diego Zoo,San Diego,United States,1,template:generic_zoo,Giraffe,1,animal,template,reticulated-giraffe,"Tall, easy for kids to spot",
san-diego-zoo,San Diego Zoo,San Diego,United States,1,template:generic_zoo,Lion,1,animal,template,african-lion,Iconic big cat; often near savanna,
san-diego-zoo,San Diego Zoo,San Diego,United States,1,template:generic_zoo,Children's zoo / farm,2,zone,template,,Rest + little kids reset,
san-diego-zoo,San Diego Zoo,San Diego,United States,1,template:generic_zoo,Gorilla or large ape,2,animal,template,western-lowland-gorilla,Primate house highlight,
san-diego-zoo,San Diego Zoo,San Diego,United States,1,template:generic_zoo,Penguin,2,animal,template,african-penguin,"Active, kid magnet",
san-diego-zoo,San Diego Zoo,San Diego,United States,1,template:generic_zoo,Tiger,2,animal,template,sumatran-tiger,Stripes; popular photo stop,
san-diego-zoo,San Diego Zoo,San Diego,United States,1,template:generic_zoo,Otter,3,animal,template,asian-small-clawed-otter,Active water play,
san-diego-zoo,San Diego Zoo,San Diego,United States,1,template:generic_zoo,Playground / splash if open,3,experience,template,,Energy burn between animals,
san-diego-zoo,San Diego Zoo,San Diego,United States,1,template:generic_zoo,Red panda,3,animal,template,red-panda,Cute climber; not giant panda,
san-diego-zoo,San Diego Zoo,San Diego,United States,1,template:generic_zoo,Zebra,3,animal,template,zebra,Pattern hunt,
san-diego-zoo,San Diego Zoo,San Diego,United States,1,template:generic_zoo,Tortoise,4,animal,template,galapagos-tortoise,"Slow, close views",
melbourne-zoo,Melbourne Zoo,Melbourne,Australia,2,template:generic_zoo,Elephant,1,animal,template,african-elephant,"Large, memorable; confirm African vs Asian",
melbourne-zoo,Melbourne Zoo,Melbourne,Australia,2,template:generic_zoo,Giraffe,1,animal,template,reticulated-giraffe,"Tall, easy for kids to spot",
melbourne-zoo,Melbourne Zoo,Melbourne,Australia,2,template:generic_zoo,Lion,1,animal,template,african-lion,Iconic big cat; often near savanna,
melbourne-zoo,Melbourne Zoo,Melbourne,Australia,2,template:generic_zoo,Children's zoo / farm,2,zone,template,,Rest + little kids reset,
melbourne-zoo,Melbourne Zoo,Melbourne,Australia,2,template:generic_zoo,Gorilla or large ape,2,animal,template,western-lowland-gorilla,Primate house highlight,
melbourne-zoo,Melbourne Zoo,Melbourne,Australia,2,template:generic_zoo,Penguin,2,animal,template,african-penguin,"Active, kid magnet",
melbourne-zoo,Melbourne Zoo,Melbourne,Australia,2,template:generic_zoo,Tiger,2,animal,template,sumatran-tiger,Stripes; popular photo stop,
melbourne-zoo,Melbourne Zoo,Melbourne,Australia,2,template:generic_zoo,Otter,3,animal,template,asian-small-clawed-otter,Active water play,
melbourne-zoo,Melbourne Zoo,Melbourne,Australia,2,template:generic_zoo,Playground / splash if open,3,experience,template,,Energy burn between animals,
melbourne-zoo,Melbourne Zoo,Melbourne,Australia,2,template:generic_zoo,Red panda,3,animal,template,red-panda,Cute climber; not giant panda,
melbourne-zoo,Melbourne Zoo,Melbourne,Australia,2,template:generic_zoo,Zebra,3,animal,template,zebra,Pattern hunt,
melbourne-zoo,Melbourne Zoo,Melbourne,Australia,2,template:generic_zoo,Tortoise,4,animal,template,galapagos-tortoise,"Slow, close views",
toronto-zoo,Toronto Zoo,Toronto,Canada,2,template:generic_zoo,Elephant,1,animal,template,african-elephant,"Large, memorable; confirm African vs Asian",
toronto-zoo,Toronto Zoo,Toronto,Canada,2,template:generic_zoo,Giraffe,1,animal,template,reticulated-giraffe,"Tall, easy for kids to spot",
toronto-zoo,Toronto Zoo,Toronto,Canada,2,template:generic_zoo,Lion,1,animal,template,african-lion,Iconic big cat; often near savanna,
toronto-zoo,Toronto Zoo,Toronto,Canada,2,template:generic_zoo,Children's zoo / farm,2,zone,template,,Rest + little kids reset,
toronto-zoo,Toronto Zoo,Toronto,Canada,2,template:generic_zoo,Gorilla or large ape,2,animal,template,western-lowland-gorilla,Primate house highlight,
toronto-zoo,Toronto Zoo,Toronto,Canada,2,template:generic_zoo,Penguin,2,animal,template,african-penguin,"Active, kid magnet",
toronto-zoo,Toronto Zoo,Toronto,Canada,2,template:generic_zoo,Tiger,2,animal,template,sumatran-tiger,Stripes; popular photo stop,
toronto-zoo,Toronto Zoo,Toronto,Canada,2,template:generic_zoo,Otter,3,animal,template,asian-small-clawed-otter,Active water play,
toronto-zoo,Toronto Zoo,Toronto,Canada,2,template:generic_zoo,Playground / splash if open,3,experience,template,,Energy burn between animals,
toronto-zoo,Toronto Zoo,Toronto,Canada,2,template:generic_zoo,Red panda,3,animal,template,red-panda,Cute climber; not giant panda,
toronto-zoo,Toronto Zoo,Toronto,Canada,2,template:generic_zoo,Zebra,3,animal,template,zebra,Pattern hunt,
toronto-zoo,Toronto Zoo,Toronto,Canada,2,template:generic_zoo,Tortoise,4,animal,template,galapagos-tortoise,"Slow, close views",
vancouver-aquarium,Vancouver Aquarium,Vancouver,Canada,2,template:generic_aquarium,Ray / touch pool if open,1,animal,template,stingray,Interactive,
vancouver-aquarium,Vancouver Aquarium,Vancouver,Canada,2,template:generic_aquarium,Shark,1,animal,template,shark,Hero tank,
vancouver-aquarium,Vancouver Aquarium,Vancouver,Canada,2,template:generic_aquarium,Tunnel / underwater walk,1,experience,template,,Signature aquarium moment,
vancouver-aquarium,Vancouver Aquarium,Vancouver,Canada,2,template:generic_aquarium,Jellyfish,2,animal,template,jellyfish,Mesmerizing for toddlers,
vancouver-aquarium,Vancouver Aquarium,Vancouver,Canada,2,template:generic_aquarium,Octopus,2,animal,template,octopus,Hide-and-seek fun,
vancouver-aquarium,Vancouver Aquarium,Vancouver,Canada,2,template:generic_aquarium,Penguin (if present),2,animal,template,african-penguin,Many aquariums have them,
vancouver-aquarium,Vancouver Aquarium,Vancouver,Canada,2,template:generic_aquarium,Sea turtle,2,animal,template,sea-turtle,Easy ID,
vancouver-aquarium,Vancouver Aquarium,Vancouver,Canada,2,template:generic_aquarium,Clownfish / reef,3,animal,template,clownfish,Color pop,
vancouver-aquarium,Vancouver Aquarium,Vancouver,Canada,2,template:generic_aquarium,Seahorse,3,animal,template,seahorse,Small find challenge,
paris-zoo,Parc Zoologique de Paris,Paris,France,2,template:generic_zoo,Elephant,1,animal,template,african-elephant,"Large, memorable; confirm African vs Asian",
paris-zoo,Parc Zoologique de Paris,Paris,France,2,template:generic_zoo,Giraffe,1,animal,template,reticulated-giraffe,"Tall, easy for kids to spot",
paris-zoo,Parc Zoologique de Paris,Paris,France,2,template:generic_zoo,Lion,1,animal,template,african-lion,Iconic big cat; often near savanna,
paris-zoo,Parc Zoologique de Paris,Paris,France,2,template:generic_zoo,Children's zoo / farm,2,zone,template,,Rest + little kids reset,
paris-zoo,Parc Zoologique de Paris,Paris,France,2,template:generic_zoo,Gorilla or large ape,2,animal,template,western-lowland-gorilla,Primate house highlight,
paris-zoo,Parc Zoologique de Paris,Paris,France,2,template:generic_zoo,Penguin,2,animal,template,african-penguin,"Active, kid magnet",
paris-zoo,Parc Zoologique de Paris,Paris,France,2,template:generic_zoo,Tiger,2,animal,template,sumatran-tiger,Stripes; popular photo stop,
paris-zoo,Parc Zoologique de Paris,Paris,France,2,template:generic_zoo,Otter,3,animal,template,asian-small-clawed-otter,Active water play,
paris-zoo,Parc Zoologique de Paris,Paris,France,2,template:generic_zoo,Playground / splash if open,3,experience,template,,Energy burn between animals,
paris-zoo,Parc Zoologique de Paris,Paris,France,2,template:generic_zoo,Red panda,3,animal,template,red-panda,Cute climber; not giant panda,
paris-zoo,Parc Zoologique de Paris,Paris,France,2,template:generic_zoo,Zebra,3,animal,template,zebra,Pattern hunt,
paris-zoo,Parc Zoologique de Paris,Paris,France,2,template:generic_zoo,Tortoise,4,animal,template,galapagos-tortoise,"Slow, close views",
berlin-zoo,Berlin Zoo,Berlin,Germany,2,template:generic_zoo,Elephant,1,animal,template,african-elephant,"Large, memorable; confirm African vs Asian",
berlin-zoo,Berlin Zoo,Berlin,Germany,2,template:generic_zoo,Giraffe,1,animal,template,reticulated-giraffe,"Tall, easy for kids to spot",
berlin-zoo,Berlin Zoo,Berlin,Germany,2,template:generic_zoo,Lion,1,animal,template,african-lion,Iconic big cat; often near savanna,
berlin-zoo,Berlin Zoo,Berlin,Germany,2,template:generic_zoo,Children's zoo / farm,2,zone,template,,Rest + little kids reset,
berlin-zoo,Berlin Zoo,Berlin,Germany,2,template:generic_zoo,Gorilla or large ape,2,animal,template,western-lowland-gorilla,Primate house highlight,
berlin-zoo,Berlin Zoo,Berlin,Germany,2,template:generic_zoo,Penguin,2,animal,template,african-penguin,"Active, kid magnet",
berlin-zoo,Berlin Zoo,Berlin,Germany,2,template:generic_zoo,Tiger,2,animal,template,sumatran-tiger,Stripes; popular photo stop,
berlin-zoo,Berlin Zoo,Berlin,Germany,2,template:generic_zoo,Otter,3,animal,template,asian-small-clawed-otter,Active water play,
berlin-zoo,Berlin Zoo,Berlin,Germany,2,template:generic_zoo,Playground / splash if open,3,experience,template,,Energy burn between animals,
berlin-zoo,Berlin Zoo,Berlin,Germany,2,template:generic_zoo,Red panda,3,animal,template,red-panda,Cute climber; not giant panda,
berlin-zoo,Berlin Zoo,Berlin,Germany,2,template:generic_zoo,Zebra,3,animal,template,zebra,Pattern hunt,
berlin-zoo,Berlin Zoo,Berlin,Germany,2,template:generic_zoo,Tortoise,4,animal,template,galapagos-tortoise,"Slow, close views",
hong-kong-ocean-park,Ocean Park Hong Kong,Hong Kong,Hong Kong,2,template:generic_zoo,Elephant,1,animal,template,african-elephant,"Large, memorable; confirm African vs Asian",
hong-kong-ocean-park,Ocean Park Hong Kong,Hong Kong,Hong Kong,2,template:generic_zoo,Giraffe,1,animal,template,reticulated-giraffe,"Tall, easy for kids to spot",
hong-kong-ocean-park,Ocean Park Hong Kong,Hong Kong,Hong Kong,2,template:generic_zoo,Lion,1,animal,template,african-lion,Iconic big cat; often near savanna,
hong-kong-ocean-park,Ocean Park Hong Kong,Hong Kong,Hong Kong,2,template:generic_zoo,Children's zoo / farm,2,zone,template,,Rest + little kids reset,
hong-kong-ocean-park,Ocean Park Hong Kong,Hong Kong,Hong Kong,2,template:generic_zoo,Gorilla or large ape,2,animal,template,western-lowland-gorilla,Primate house highlight,
hong-kong-ocean-park,Ocean Park Hong Kong,Hong Kong,Hong Kong,2,template:generic_zoo,Penguin,2,animal,template,african-penguin,"Active, kid magnet",
hong-kong-ocean-park,Ocean Park Hong Kong,Hong Kong,Hong Kong,2,template:generic_zoo,Tiger,2,animal,template,sumatran-tiger,Stripes; popular photo stop,
hong-kong-ocean-park,Ocean Park Hong Kong,Hong Kong,Hong Kong,2,template:generic_zoo,Otter,3,animal,template,asian-small-clawed-otter,Active water play,
hong-kong-ocean-park,Ocean Park Hong Kong,Hong Kong,Hong Kong,2,template:generic_zoo,Playground / splash if open,3,experience,template,,Energy burn between animals,
hong-kong-ocean-park,Ocean Park Hong Kong,Hong Kong,Hong Kong,2,template:generic_zoo,Red panda,3,animal,template,red-panda,Cute climber; not giant panda,
hong-kong-ocean-park,Ocean Park Hong Kong,Hong Kong,Hong Kong,2,template:generic_zoo,Zebra,3,animal,template,zebra,Pattern hunt,
hong-kong-ocean-park,Ocean Park Hong Kong,Hong Kong,Hong Kong,2,template:generic_zoo,Tortoise,4,animal,template,galapagos-tortoise,"Slow, close views",
osaka-aquarium,Osaka Aquarium Kaiyukan,Osaka,Japan,2,template:generic_aquarium,Ray / touch pool if open,1,animal,template,stingray,Interactive,
osaka-aquarium,Osaka Aquarium Kaiyukan,Osaka,Japan,2,template:generic_aquarium,Shark,1,animal,template,shark,Hero tank,
osaka-aquarium,Osaka Aquarium Kaiyukan,Osaka,Japan,2,template:generic_aquarium,Tunnel / underwater walk,1,experience,template,,Signature aquarium moment,
osaka-aquarium,Osaka Aquarium Kaiyukan,Osaka,Japan,2,template:generic_aquarium,Jellyfish,2,animal,template,jellyfish,Mesmerizing for toddlers,
osaka-aquarium,Osaka Aquarium Kaiyukan,Osaka,Japan,2,template:generic_aquarium,Octopus,2,animal,template,octopus,Hide-and-seek fun,
osaka-aquarium,Osaka Aquarium Kaiyukan,Osaka,Japan,2,template:generic_aquarium,Penguin (if present),2,animal,template,african-penguin,Many aquariums have them,
osaka-aquarium,Osaka Aquarium Kaiyukan,Osaka,Japan,2,template:generic_aquarium,Sea turtle,2,animal,template,sea-turtle,Easy ID,
osaka-aquarium,Osaka Aquarium Kaiyukan,Osaka,Japan,2,template:generic_aquarium,Clownfish / reef,3,animal,template,clownfish,Color pop,
osaka-aquarium,Osaka Aquarium Kaiyukan,Osaka,Japan,2,template:generic_aquarium,Seahorse,3,animal,template,seahorse,Small find challenge,
georgia-aquarium,Georgia Aquarium,Atlanta,United States,2,template:generic_aquarium,Ray / touch pool if open,1,animal,template,stingray,Interactive,
georgia-aquarium,Georgia Aquarium,Atlanta,United States,2,template:generic_aquarium,Shark,1,animal,template,shark,Hero tank,
georgia-aquarium,Georgia Aquarium,Atlanta,United States,2,template:generic_aquarium,Tunnel / underwater walk,1,experience,template,,Signature aquarium moment,
georgia-aquarium,Georgia Aquarium,Atlanta,United States,2,template:generic_aquarium,Jellyfish,2,animal,template,jellyfish,Mesmerizing for toddlers,
georgia-aquarium,Georgia Aquarium,Atlanta,United States,2,template:generic_aquarium,Octopus,2,animal,template,octopus,Hide-and-seek fun,
georgia-aquarium,Georgia Aquarium,Atlanta,United States,2,template:generic_aquarium,Penguin (if present),2,animal,template,african-penguin,Many aquariums have them,
georgia-aquarium,Georgia Aquarium,Atlanta,United States,2,template:generic_aquarium,Sea turtle,2,animal,template,sea-turtle,Easy ID,
georgia-aquarium,Georgia Aquarium,Atlanta,United States,2,template:generic_aquarium,Clownfish / reef,3,animal,template,clownfish,Color pop,
georgia-aquarium,Georgia Aquarium,Atlanta,United States,2,template:generic_aquarium,Seahorse,3,animal,template,seahorse,Small find challenge,
fort-worth-zoo,Fort Worth Zoo,Fort Worth,United States,2,template:generic_zoo,Elephant,1,animal,template,african-elephant,"Large, memorable; confirm African vs Asian",
fort-worth-zoo,Fort Worth Zoo,Fort Worth,United States,2,template:generic_zoo,Giraffe,1,animal,template,reticulated-giraffe,"Tall, easy for kids to spot",
fort-worth-zoo,Fort Worth Zoo,Fort Worth,United States,2,template:generic_zoo,Lion,1,animal,template,african-lion,Iconic big cat; often near savanna,
fort-worth-zoo,Fort Worth Zoo,Fort Worth,United States,2,template:generic_zoo,Children's zoo / farm,2,zone,template,,Rest + little kids reset,
fort-worth-zoo,Fort Worth Zoo,Fort Worth,United States,2,template:generic_zoo,Gorilla or large ape,2,animal,template,western-lowland-gorilla,Primate house highlight,
fort-worth-zoo,Fort Worth Zoo,Fort Worth,United States,2,template:generic_zoo,Penguin,2,animal,template,african-penguin,"Active, kid magnet",
fort-worth-zoo,Fort Worth Zoo,Fort Worth,United States,2,template:generic_zoo,Tiger,2,animal,template,sumatran-tiger,Stripes; popular photo stop,
fort-worth-zoo,Fort Worth Zoo,Fort Worth,United States,2,template:generic_zoo,Otter,3,animal,template,asian-small-clawed-otter,Active water play,
fort-worth-zoo,Fort Worth Zoo,Fort Worth,United States,2,template:generic_zoo,Playground / splash if open,3,experience,template,,Energy burn between animals,
fort-worth-zoo,Fort Worth Zoo,Fort Worth,United States,2,template:generic_zoo,Red panda,3,animal,template,red-panda,Cute climber; not giant panda,
fort-worth-zoo,Fort Worth Zoo,Fort Worth,United States,2,template:generic_zoo,Zebra,3,animal,template,zebra,Pattern hunt,
fort-worth-zoo,Fort Worth Zoo,Fort Worth,United States,2,template:generic_zoo,Tortoise,4,animal,template,galapagos-tortoise,"Slow, close views",
houston-zoo,Houston Zoo,Houston,United States,2,template:generic_zoo,Elephant,1,animal,template,african-elephant,"Large, memorable; confirm African vs Asian",
houston-zoo,Houston Zoo,Houston,United States,2,template:generic_zoo,Giraffe,1,animal,template,reticulated-giraffe,"Tall, easy for kids to spot",
houston-zoo,Houston Zoo,Houston,United States,2,template:generic_zoo,Lion,1,animal,template,african-lion,Iconic big cat; often near savanna,
houston-zoo,Houston Zoo,Houston,United States,2,template:generic_zoo,Children's zoo / farm,2,zone,template,,Rest + little kids reset,
houston-zoo,Houston Zoo,Houston,United States,2,template:generic_zoo,Gorilla or large ape,2,animal,template,western-lowland-gorilla,Primate house highlight,
houston-zoo,Houston Zoo,Houston,United States,2,template:generic_zoo,Penguin,2,animal,template,african-penguin,"Active, kid magnet",
houston-zoo,Houston Zoo,Houston,United States,2,template:generic_zoo,Tiger,2,animal,template,sumatran-tiger,Stripes; popular photo stop,
houston-zoo,Houston Zoo,Houston,United States,2,template:generic_zoo,Otter,3,animal,template,asian-small-clawed-otter,Active water play,
houston-zoo,Houston Zoo,Houston,United States,2,template:generic_zoo,Playground / splash if open,3,experience,template,,Energy burn between animals,
houston-zoo,Houston Zoo,Houston,United States,2,template:generic_zoo,Red panda,3,animal,template,red-panda,Cute climber; not giant panda,
houston-zoo,Houston Zoo,Houston,United States,2,template:generic_zoo,Zebra,3,animal,template,zebra,Pattern hunt,
houston-zoo,Houston Zoo,Houston,United States,2,template:generic_zoo,Tortoise,4,animal,template,galapagos-tortoise,"Slow, close views",
kennedy-space-center,Kennedy Space Center,Merritt Island,United States,2,template:generic_science,Dinosaur / fossil hall,1,exhibit,template,sci-dinosaur,,
kennedy-space-center,Kennedy Space Center,Merritt Island,United States,2,template:generic_science,Hands-on lab / makerspace,1,exhibit,template,sci-hands-on,,
kennedy-space-center,Kennedy Space Center,Merritt Island,United States,2,template:generic_science,Live animal / aquarium corner,2,exhibit,template,sci-aquarium-zone,,
kennedy-space-center,Kennedy Space Center,Merritt Island,United States,2,template:generic_science,Outdoor play,2,zone,template,cm-outdoor,,
kennedy-space-center,Kennedy Space Center,Merritt Island,United States,2,template:generic_science,Planet / space area,2,exhibit,template,sci-planet,,
kennedy-space-center,Kennedy Space Center,Merritt Island,United States,2,template:generic_science,Toddler soft space,2,zone,template,cm-toddler-garden,,
national-zoo,Smithsonian National Zoo,Washington,United States,2,template:generic_zoo,Elephant,1,animal,template,african-elephant,"Large, memorable; confirm African vs Asian",
national-zoo,Smithsonian National Zoo,Washington,United States,2,template:generic_zoo,Giraffe,1,animal,template,reticulated-giraffe,"Tall, easy for kids to spot",
national-zoo,Smithsonian National Zoo,Washington,United States,2,template:generic_zoo,Lion,1,animal,template,african-lion,Iconic big cat; often near savanna,
national-zoo,Smithsonian National Zoo,Washington,United States,2,template:generic_zoo,Children's zoo / farm,2,zone,template,,Rest + little kids reset,
national-zoo,Smithsonian National Zoo,Washington,United States,2,template:generic_zoo,Gorilla or large ape,2,animal,template,western-lowland-gorilla,Primate house highlight,
national-zoo,Smithsonian National Zoo,Washington,United States,2,template:generic_zoo,Penguin,2,animal,template,african-penguin,"Active, kid magnet",
national-zoo,Smithsonian National Zoo,Washington,United States,2,template:generic_zoo,Tiger,2,animal,template,sumatran-tiger,Stripes; popular photo stop,
national-zoo,Smithsonian National Zoo,Washington,United States,2,template:generic_zoo,Otter,3,animal,template,asian-small-clawed-otter,Active water play,
national-zoo,Smithsonian National Zoo,Washington,United States,2,template:generic_zoo,Playground / splash if open,3,experience,template,,Energy burn between animals,
national-zoo,Smithsonian National Zoo,Washington,United States,2,template:generic_zoo,Red panda,3,animal,template,red-panda,Cute climber; not giant panda,
national-zoo,Smithsonian National Zoo,Washington,United States,2,template:generic_zoo,Zebra,3,animal,template,zebra,Pattern hunt,
national-zoo,Smithsonian National Zoo,Washington,United States,2,template:generic_zoo,Tortoise,4,animal,template,galapagos-tortoise,"Slow, close views",
ecoparque-ba,Ecoparque Buenos Aires,Buenos Aires,Argentina,8,template:generic_zoo,Elephant,1,animal,template,african-elephant,"Large, memorable; confirm African vs Asian",
ecoparque-ba,Ecoparque Buenos Aires,Buenos Aires,Argentina,8,template:generic_zoo,Giraffe,1,animal,template,reticulated-giraffe,"Tall, easy for kids to spot",
ecoparque-ba,Ecoparque Buenos Aires,Buenos Aires,Argentina,8,template:generic_zoo,Lion,1,animal,template,african-lion,Iconic big cat; often near savanna,
ecoparque-ba,Ecoparque Buenos Aires,Buenos Aires,Argentina,8,template:generic_zoo,Children's zoo / farm,2,zone,template,,Rest + little kids reset,
ecoparque-ba,Ecoparque Buenos Aires,Buenos Aires,Argentina,8,template:generic_zoo,Gorilla or large ape,2,animal,template,western-lowland-gorilla,Primate house highlight,
ecoparque-ba,Ecoparque Buenos Aires,Buenos Aires,Argentina,8,template:generic_zoo,Penguin,2,animal,template,african-penguin,"Active, kid magnet",
ecoparque-ba,Ecoparque Buenos Aires,Buenos Aires,Argentina,8,template:generic_zoo,Tiger,2,animal,template,sumatran-tiger,Stripes; popular photo stop,
ecoparque-ba,Ecoparque Buenos Aires,Buenos Aires,Argentina,8,template:generic_zoo,Otter,3,animal,template,asian-small-clawed-otter,Active water play,
ecoparque-ba,Ecoparque Buenos Aires,Buenos Aires,Argentina,8,template:generic_zoo,Playground / splash if open,3,experience,template,,Energy burn between animals,
ecoparque-ba,Ecoparque Buenos Aires,Buenos Aires,Argentina,8,template:generic_zoo,Red panda,3,animal,template,red-panda,Cute climber; not giant panda,
ecoparque-ba,Ecoparque Buenos Aires,Buenos Aires,Argentina,8,template:generic_zoo,Zebra,3,animal,template,zebra,Pattern hunt,
ecoparque-ba,Ecoparque Buenos Aires,Buenos Aires,Argentina,8,template:generic_zoo,Tortoise,4,animal,template,galapagos-tortoise,"Slow, close views",
adelaide-zoo,Adelaide Zoo,Adelaide,Australia,8,template:generic_zoo,Elephant,1,animal,template,african-elephant,"Large, memorable; confirm African vs Asian",
adelaide-zoo,Adelaide Zoo,Adelaide,Australia,8,template:generic_zoo,Giraffe,1,animal,template,reticulated-giraffe,"Tall, easy for kids to spot",
adelaide-zoo,Adelaide Zoo,Adelaide,Australia,8,template:generic_zoo,Lion,1,animal,template,african-lion,Iconic big cat; often near savanna,
adelaide-zoo,Adelaide Zoo,Adelaide,Australia,8,template:generic_zoo,Children's zoo / farm,2,zone,template,,Rest + little kids reset,
adelaide-zoo,Adelaide Zoo,Adelaide,Australia,8,template:generic_zoo,Gorilla or large ape,2,animal,template,western-lowland-gorilla,Primate house highlight,
adelaide-zoo,Adelaide Zoo,Adelaide,Australia,8,template:generic_zoo,Penguin,2,animal,template,african-penguin,"Active, kid magnet",
adelaide-zoo,Adelaide Zoo,Adelaide,Australia,8,template:generic_zoo,Tiger,2,animal,template,sumatran-tiger,Stripes; popular photo stop,
adelaide-zoo,Adelaide Zoo,Adelaide,Australia,8,template:generic_zoo,Otter,3,animal,template,asian-small-clawed-otter,Active water play,
adelaide-zoo,Adelaide Zoo,Adelaide,Australia,8,template:generic_zoo,Playground / splash if open,3,experience,template,,Energy burn between animals,
adelaide-zoo,Adelaide Zoo,Adelaide,Australia,8,template:generic_zoo,Red panda,3,animal,template,red-panda,Cute climber; not giant panda,
adelaide-zoo,Adelaide Zoo,Adelaide,Australia,8,template:generic_zoo,Zebra,3,animal,template,zebra,Pattern hunt,
adelaide-zoo,Adelaide Zoo,Adelaide,Australia,8,template:generic_zoo,Tortoise,4,animal,template,galapagos-tortoise,"Slow, close views",
perth-zoo,Perth Zoo,Perth,Australia,8,template:generic_zoo,Elephant,1,animal,template,african-elephant,"Large, memorable; confirm African vs Asian",
perth-zoo,Perth Zoo,Perth,Australia,8,template:generic_zoo,Giraffe,1,animal,template,reticulated-giraffe,"Tall, easy for kids to spot",
perth-zoo,Perth Zoo,Perth,Australia,8,template:generic_zoo,Lion,1,animal,template,african-lion,Iconic big cat; often near savanna,
perth-zoo,Perth Zoo,Perth,Australia,8,template:generic_zoo,Children's zoo / farm,2,zone,template,,Rest + little kids reset,
perth-zoo,Perth Zoo,Perth,Australia,8,template:generic_zoo,Gorilla or large ape,2,animal,template,western-lowland-gorilla,Primate house highlight,
perth-zoo,Perth Zoo,Perth,Australia,8,template:generic_zoo,Penguin,2,animal,template,african-penguin,"Active, kid magnet",
perth-zoo,Perth Zoo,Perth,Australia,8,template:generic_zoo,Tiger,2,animal,template,sumatran-tiger,Stripes; popular photo stop,
perth-zoo,Perth Zoo,Perth,Australia,8,template:generic_zoo,Otter,3,animal,template,asian-small-clawed-otter,Active water play,
perth-zoo,Perth Zoo,Perth,Australia,8,template:generic_zoo,Playground / splash if open,3,experience,template,,Energy burn between animals,
perth-zoo,Perth Zoo,Perth,Australia,8,template:generic_zoo,Red panda,3,animal,template,red-panda,Cute climber; not giant panda,
perth-zoo,Perth Zoo,Perth,Australia,8,template:generic_zoo,Zebra,3,animal,template,zebra,Pattern hunt,
perth-zoo,Perth Zoo,Perth,Australia,8,template:generic_zoo,Tortoise,4,animal,template,galapagos-tortoise,"Slow, close views",
vienna-zoo,Schönbrunn Zoo,Vienna,Austria,8,template:generic_zoo,Elephant,1,animal,template,african-elephant,"Large, memorable; confirm African vs Asian",
vienna-zoo,Schönbrunn Zoo,Vienna,Austria,8,template:generic_zoo,Giraffe,1,animal,template,reticulated-giraffe,"Tall, easy for kids to spot",
vienna-zoo,Schönbrunn Zoo,Vienna,Austria,8,template:generic_zoo,Lion,1,animal,template,african-lion,Iconic big cat; often near savanna,
vienna-zoo,Schönbrunn Zoo,Vienna,Austria,8,template:generic_zoo,Children's zoo / farm,2,zone,template,,Rest + little kids reset,
vienna-zoo,Schönbrunn Zoo,Vienna,Austria,8,template:generic_zoo,Gorilla or large ape,2,animal,template,western-lowland-gorilla,Primate house highlight,
vienna-zoo,Schönbrunn Zoo,Vienna,Austria,8,template:generic_zoo,Penguin,2,animal,template,african-penguin,"Active, kid magnet",
vienna-zoo,Schönbrunn Zoo,Vienna,Austria,8,template:generic_zoo,Tiger,2,animal,template,sumatran-tiger,Stripes; popular photo stop,
vienna-zoo,Schönbrunn Zoo,Vienna,Austria,8,template:generic_zoo,Otter,3,animal,template,asian-small-clawed-otter,Active water play,
vienna-zoo,Schönbrunn Zoo,Vienna,Austria,8,template:generic_zoo,Playground / splash if open,3,experience,template,,Energy burn between animals,
vienna-zoo,Schönbrunn Zoo,Vienna,Austria,8,template:generic_zoo,Red panda,3,animal,template,red-panda,Cute climber; not giant panda,
vienna-zoo,Schönbrunn Zoo,Vienna,Austria,8,template:generic_zoo,Zebra,3,animal,template,zebra,Pattern hunt,
vienna-zoo,Schönbrunn Zoo,Vienna,Austria,8,template:generic_zoo,Tortoise,4,animal,template,galapagos-tortoise,"Slow, close views",
antwerp-zoo,Antwerp Zoo,Antwerp,Belgium,8,template:generic_zoo,Elephant,1,animal,template,african-elephant,"Large, memorable; confirm African vs Asian",
antwerp-zoo,Antwerp Zoo,Antwerp,Belgium,8,template:generic_zoo,Giraffe,1,animal,template,reticulated-giraffe,"Tall, easy for kids to spot",
antwerp-zoo,Antwerp Zoo,Antwerp,Belgium,8,template:generic_zoo,Lion,1,animal,template,african-lion,Iconic big cat; often near savanna,
antwerp-zoo,Antwerp Zoo,Antwerp,Belgium,8,template:generic_zoo,Children's zoo / farm,2,zone,template,,Rest + little kids reset,
antwerp-zoo,Antwerp Zoo,Antwerp,Belgium,8,template:generic_zoo,Gorilla or large ape,2,animal,template,western-lowland-gorilla,Primate house highlight,
antwerp-zoo,Antwerp Zoo,Antwerp,Belgium,8,template:generic_zoo,Penguin,2,animal,template,african-penguin,"Active, kid magnet",
antwerp-zoo,Antwerp Zoo,Antwerp,Belgium,8,template:generic_zoo,Tiger,2,animal,template,sumatran-tiger,Stripes; popular photo stop,
antwerp-zoo,Antwerp Zoo,Antwerp,Belgium,8,template:generic_zoo,Otter,3,animal,template,asian-small-clawed-otter,Active water play,
antwerp-zoo,Antwerp Zoo,Antwerp,Belgium,8,template:generic_zoo,Playground / splash if open,3,experience,template,,Energy burn between animals,
antwerp-zoo,Antwerp Zoo,Antwerp,Belgium,8,template:generic_zoo,Red panda,3,animal,template,red-panda,Cute climber; not giant panda,
antwerp-zoo,Antwerp Zoo,Antwerp,Belgium,8,template:generic_zoo,Zebra,3,animal,template,zebra,Pattern hunt,
antwerp-zoo,Antwerp Zoo,Antwerp,Belgium,8,template:generic_zoo,Tortoise,4,animal,template,galapagos-tortoise,"Slow, close views",
rio-zoo,BioParque do Rio,Rio de Janeiro,Brazil,8,template:generic_zoo,Elephant,1,animal,template,african-elephant,"Large, memorable; confirm African vs Asian",
rio-zoo,BioParque do Rio,Rio de Janeiro,Brazil,8,template:generic_zoo,Giraffe,1,animal,template,reticulated-giraffe,"Tall, easy for kids to spot",
rio-zoo,BioParque do Rio,Rio de Janeiro,Brazil,8,template:generic_zoo,Lion,1,animal,template,african-lion,Iconic big cat; often near savanna,
rio-zoo,BioParque do Rio,Rio de Janeiro,Brazil,8,template:generic_zoo,Children's zoo / farm,2,zone,template,,Rest + little kids reset,
rio-zoo,BioParque do Rio,Rio de Janeiro,Brazil,8,template:generic_zoo,Gorilla or large ape,2,animal,template,western-lowland-gorilla,Primate house highlight,
rio-zoo,BioParque do Rio,Rio de Janeiro,Brazil,8,template:generic_zoo,Penguin,2,animal,template,african-penguin,"Active, kid magnet",
rio-zoo,BioParque do Rio,Rio de Janeiro,Brazil,8,template:generic_zoo,Tiger,2,animal,template,sumatran-tiger,Stripes; popular photo stop,
rio-zoo,BioParque do Rio,Rio de Janeiro,Brazil,8,template:generic_zoo,Otter,3,animal,template,asian-small-clawed-otter,Active water play,
rio-zoo,BioParque do Rio,Rio de Janeiro,Brazil,8,template:generic_zoo,Playground / splash if open,3,experience,template,,Energy burn between animals,
rio-zoo,BioParque do Rio,Rio de Janeiro,Brazil,8,template:generic_zoo,Red panda,3,animal,template,red-panda,Cute climber; not giant panda,
rio-zoo,BioParque do Rio,Rio de Janeiro,Brazil,8,template:generic_zoo,Zebra,3,animal,template,zebra,Pattern hunt,
rio-zoo,BioParque do Rio,Rio de Janeiro,Brazil,8,template:generic_zoo,Tortoise,4,animal,template,galapagos-tortoise,"Slow, close views",
sao-paulo-zoo,São Paulo Zoo,São Paulo,Brazil,8,template:generic_zoo,Elephant,1,animal,template,african-elephant,"Large, memorable; confirm African vs Asian",
sao-paulo-zoo,São Paulo Zoo,São Paulo,Brazil,8,template:generic_zoo,Giraffe,1,animal,template,reticulated-giraffe,"Tall, easy for kids to spot",
sao-paulo-zoo,São Paulo Zoo,São Paulo,Brazil,8,template:generic_zoo,Lion,1,animal,template,african-lion,Iconic big cat; often near savanna,
sao-paulo-zoo,São Paulo Zoo,São Paulo,Brazil,8,template:generic_zoo,Children's zoo / farm,2,zone,template,,Rest + little kids reset,
sao-paulo-zoo,São Paulo Zoo,São Paulo,Brazil,8,template:generic_zoo,Gorilla or large ape,2,animal,template,western-lowland-gorilla,Primate house highlight,
sao-paulo-zoo,São Paulo Zoo,São Paulo,Brazil,8,template:generic_zoo,Penguin,2,animal,template,african-penguin,"Active, kid magnet",
sao-paulo-zoo,São Paulo Zoo,São Paulo,Brazil,8,template:generic_zoo,Tiger,2,animal,template,sumatran-tiger,Stripes; popular photo stop,
sao-paulo-zoo,São Paulo Zoo,São Paulo,Brazil,8,template:generic_zoo,Otter,3,animal,template,asian-small-clawed-otter,Active water play,
sao-paulo-zoo,São Paulo Zoo,São Paulo,Brazil,8,template:generic_zoo,Playground / splash if open,3,experience,template,,Energy burn between animals,
sao-paulo-zoo,São Paulo Zoo,São Paulo,Brazil,8,template:generic_zoo,Red panda,3,animal,template,red-panda,Cute climber; not giant panda,
sao-paulo-zoo,São Paulo Zoo,São Paulo,Brazil,8,template:generic_zoo,Zebra,3,animal,template,zebra,Pattern hunt,
sao-paulo-zoo,São Paulo Zoo,São Paulo,Brazil,8,template:generic_zoo,Tortoise,4,animal,template,galapagos-tortoise,"Slow, close views",
calgary-zoo,Calgary Zoo,Calgary,Canada,8,template:generic_zoo,Elephant,1,animal,template,african-elephant,"Large, memorable; confirm African vs Asian",
calgary-zoo,Calgary Zoo,Calgary,Canada,8,template:generic_zoo,Giraffe,1,animal,template,reticulated-giraffe,"Tall, easy for kids to spot",
calgary-zoo,Calgary Zoo,Calgary,Canada,8,template:generic_zoo,Lion,1,animal,template,african-lion,Iconic big cat; often near savanna,
calgary-zoo,Calgary Zoo,Calgary,Canada,8,template:generic_zoo,Children's zoo / farm,2,zone,template,,Rest + little kids reset,
calgary-zoo,Calgary Zoo,Calgary,Canada,8,template:generic_zoo,Gorilla or large ape,2,animal,template,western-lowland-gorilla,Primate house highlight,
calgary-zoo,Calgary Zoo,Calgary,Canada,8,template:generic_zoo,Penguin,2,animal,template,african-penguin,"Active, kid magnet",
calgary-zoo,Calgary Zoo,Calgary,Canada,8,template:generic_zoo,Tiger,2,animal,template,sumatran-tiger,Stripes; popular photo stop,
calgary-zoo,Calgary Zoo,Calgary,Canada,8,template:generic_zoo,Otter,3,animal,template,asian-small-clawed-otter,Active water play,
calgary-zoo,Calgary Zoo,Calgary,Canada,8,template:generic_zoo,Playground / splash if open,3,experience,template,,Energy burn between animals,
calgary-zoo,Calgary Zoo,Calgary,Canada,8,template:generic_zoo,Red panda,3,animal,template,red-panda,Cute climber; not giant panda,
calgary-zoo,Calgary Zoo,Calgary,Canada,8,template:generic_zoo,Zebra,3,animal,template,zebra,Pattern hunt,
calgary-zoo,Calgary Zoo,Calgary,Canada,8,template:generic_zoo,Tortoise,4,animal,template,galapagos-tortoise,"Slow, close views",
santiago-zoo,Parque Metropolitano Zoo,Santiago,Chile,8,template:generic_zoo,Elephant,1,animal,template,african-elephant,"Large, memorable; confirm African vs Asian",
santiago-zoo,Parque Metropolitano Zoo,Santiago,Chile,8,template:generic_zoo,Giraffe,1,animal,template,reticulated-giraffe,"Tall, easy for kids to spot",
santiago-zoo,Parque Metropolitano Zoo,Santiago,Chile,8,template:generic_zoo,Lion,1,animal,template,african-lion,Iconic big cat; often near savanna,
santiago-zoo,Parque Metropolitano Zoo,Santiago,Chile,8,template:generic_zoo,Children's zoo / farm,2,zone,template,,Rest + little kids reset,
santiago-zoo,Parque Metropolitano Zoo,Santiago,Chile,8,template:generic_zoo,Gorilla or large ape,2,animal,template,western-lowland-gorilla,Primate house highlight,
santiago-zoo,Parque Metropolitano Zoo,Santiago,Chile,8,template:generic_zoo,Penguin,2,animal,template,african-penguin,"Active, kid magnet",
santiago-zoo,Parque Metropolitano Zoo,Santiago,Chile,8,template:generic_zoo,Tiger,2,animal,template,sumatran-tiger,Stripes; popular photo stop,
santiago-zoo,Parque Metropolitano Zoo,Santiago,Chile,8,template:generic_zoo,Otter,3,animal,template,asian-small-clawed-otter,Active water play,
santiago-zoo,Parque Metropolitano Zoo,Santiago,Chile,8,template:generic_zoo,Playground / splash if open,3,experience,template,,Energy burn between animals,
santiago-zoo,Parque Metropolitano Zoo,Santiago,Chile,8,template:generic_zoo,Red panda,3,animal,template,red-panda,Cute climber; not giant panda,
santiago-zoo,Parque Metropolitano Zoo,Santiago,Chile,8,template:generic_zoo,Zebra,3,animal,template,zebra,Pattern hunt,
santiago-zoo,Parque Metropolitano Zoo,Santiago,Chile,8,template:generic_zoo,Tortoise,4,animal,template,galapagos-tortoise,"Slow, close views",
shanghai-ocean-aquarium,Shanghai Ocean Aquarium,Shanghai,China,8,template:generic_aquarium,Ray / touch pool if open,1,animal,template,stingray,Interactive,
shanghai-ocean-aquarium,Shanghai Ocean Aquarium,Shanghai,China,8,template:generic_aquarium,Shark,1,animal,template,shark,Hero tank,
shanghai-ocean-aquarium,Shanghai Ocean Aquarium,Shanghai,China,8,template:generic_aquarium,Tunnel / underwater walk,1,experience,template,,Signature aquarium moment,
shanghai-ocean-aquarium,Shanghai Ocean Aquarium,Shanghai,China,8,template:generic_aquarium,Jellyfish,2,animal,template,jellyfish,Mesmerizing for toddlers,
shanghai-ocean-aquarium,Shanghai Ocean Aquarium,Shanghai,China,8,template:generic_aquarium,Octopus,2,animal,template,octopus,Hide-and-seek fun,
shanghai-ocean-aquarium,Shanghai Ocean Aquarium,Shanghai,China,8,template:generic_aquarium,Penguin (if present),2,animal,template,african-penguin,Many aquariums have them,
shanghai-ocean-aquarium,Shanghai Ocean Aquarium,Shanghai,China,8,template:generic_aquarium,Sea turtle,2,animal,template,sea-turtle,Easy ID,
shanghai-ocean-aquarium,Shanghai Ocean Aquarium,Shanghai,China,8,template:generic_aquarium,Clownfish / reef,3,animal,template,clownfish,Color pop,
shanghai-ocean-aquarium,Shanghai Ocean Aquarium,Shanghai,China,8,template:generic_aquarium,Seahorse,3,animal,template,seahorse,Small find challenge,
bogota-zoo,Jaime Duque Park Zoo,Bogotá,Colombia,8,template:generic_zoo,Elephant,1,animal,template,african-elephant,"Large, memorable; confirm African vs Asian",
bogota-zoo,Jaime Duque Park Zoo,Bogotá,Colombia,8,template:generic_zoo,Giraffe,1,animal,template,reticulated-giraffe,"Tall, easy for kids to spot",
bogota-zoo,Jaime Duque Park Zoo,Bogotá,Colombia,8,template:generic_zoo,Lion,1,animal,template,african-lion,Iconic big cat; often near savanna,
bogota-zoo,Jaime Duque Park Zoo,Bogotá,Colombia,8,template:generic_zoo,Children's zoo / farm,2,zone,template,,Rest + little kids reset,
bogota-zoo,Jaime Duque Park Zoo,Bogotá,Colombia,8,template:generic_zoo,Gorilla or large ape,2,animal,template,western-lowland-gorilla,Primate house highlight,
bogota-zoo,Jaime Duque Park Zoo,Bogotá,Colombia,8,template:generic_zoo,Penguin,2,animal,template,african-penguin,"Active, kid magnet",
bogota-zoo,Jaime Duque Park Zoo,Bogotá,Colombia,8,template:generic_zoo,Tiger,2,animal,template,sumatran-tiger,Stripes; popular photo stop,
bogota-zoo,Jaime Duque Park Zoo,Bogotá,Colombia,8,template:generic_zoo,Otter,3,animal,template,asian-small-clawed-otter,Active water play,
bogota-zoo,Jaime Duque Park Zoo,Bogotá,Colombia,8,template:generic_zoo,Playground / splash if open,3,experience,template,,Energy burn between animals,
bogota-zoo,Jaime Duque Park Zoo,Bogotá,Colombia,8,template:generic_zoo,Red panda,3,animal,template,red-panda,Cute climber; not giant panda,
bogota-zoo,Jaime Duque Park Zoo,Bogotá,Colombia,8,template:generic_zoo,Zebra,3,animal,template,zebra,Pattern hunt,
bogota-zoo,Jaime Duque Park Zoo,Bogotá,Colombia,8,template:generic_zoo,Tortoise,4,animal,template,galapagos-tortoise,"Slow, close views",
prague-zoo,Prague Zoo,Prague,Czechia,8,template:generic_zoo,Elephant,1,animal,template,african-elephant,"Large, memorable; confirm African vs Asian",
prague-zoo,Prague Zoo,Prague,Czechia,8,template:generic_zoo,Giraffe,1,animal,template,reticulated-giraffe,"Tall, easy for kids to spot",
prague-zoo,Prague Zoo,Prague,Czechia,8,template:generic_zoo,Lion,1,animal,template,african-lion,Iconic big cat; often near savanna,
prague-zoo,Prague Zoo,Prague,Czechia,8,template:generic_zoo,Children's zoo / farm,2,zone,template,,Rest + little kids reset,
prague-zoo,Prague Zoo,Prague,Czechia,8,template:generic_zoo,Gorilla or large ape,2,animal,template,western-lowland-gorilla,Primate house highlight,
prague-zoo,Prague Zoo,Prague,Czechia,8,template:generic_zoo,Penguin,2,animal,template,african-penguin,"Active, kid magnet",
prague-zoo,Prague Zoo,Prague,Czechia,8,template:generic_zoo,Tiger,2,animal,template,sumatran-tiger,Stripes; popular photo stop,
prague-zoo,Prague Zoo,Prague,Czechia,8,template:generic_zoo,Otter,3,animal,template,asian-small-clawed-otter,Active water play,
prague-zoo,Prague Zoo,Prague,Czechia,8,template:generic_zoo,Playground / splash if open,3,experience,template,,Energy burn between animals,
prague-zoo,Prague Zoo,Prague,Czechia,8,template:generic_zoo,Red panda,3,animal,template,red-panda,Cute climber; not giant panda,
prague-zoo,Prague Zoo,Prague,Czechia,8,template:generic_zoo,Zebra,3,animal,template,zebra,Pattern hunt,
prague-zoo,Prague Zoo,Prague,Czechia,8,template:generic_zoo,Tortoise,4,animal,template,galapagos-tortoise,"Slow, close views",
copenhagen-zoo,Copenhagen Zoo,Copenhagen,Denmark,8,template:generic_zoo,Elephant,1,animal,template,african-elephant,"Large, memorable; confirm African vs Asian",
copenhagen-zoo,Copenhagen Zoo,Copenhagen,Denmark,8,template:generic_zoo,Giraffe,1,animal,template,reticulated-giraffe,"Tall, easy for kids to spot",
copenhagen-zoo,Copenhagen Zoo,Copenhagen,Denmark,8,template:generic_zoo,Lion,1,animal,template,african-lion,Iconic big cat; often near savanna,
copenhagen-zoo,Copenhagen Zoo,Copenhagen,Denmark,8,template:generic_zoo,Children's zoo / farm,2,zone,template,,Rest + little kids reset,
copenhagen-zoo,Copenhagen Zoo,Copenhagen,Denmark,8,template:generic_zoo,Gorilla or large ape,2,animal,template,western-lowland-gorilla,Primate house highlight,
copenhagen-zoo,Copenhagen Zoo,Copenhagen,Denmark,8,template:generic_zoo,Penguin,2,animal,template,african-penguin,"Active, kid magnet",
copenhagen-zoo,Copenhagen Zoo,Copenhagen,Denmark,8,template:generic_zoo,Tiger,2,animal,template,sumatran-tiger,Stripes; popular photo stop,
copenhagen-zoo,Copenhagen Zoo,Copenhagen,Denmark,8,template:generic_zoo,Otter,3,animal,template,asian-small-clawed-otter,Active water play,
copenhagen-zoo,Copenhagen Zoo,Copenhagen,Denmark,8,template:generic_zoo,Playground / splash if open,3,experience,template,,Energy burn between animals,
copenhagen-zoo,Copenhagen Zoo,Copenhagen,Denmark,8,template:generic_zoo,Red panda,3,animal,template,red-panda,Cute climber; not giant panda,
copenhagen-zoo,Copenhagen Zoo,Copenhagen,Denmark,8,template:generic_zoo,Zebra,3,animal,template,zebra,Pattern hunt,
copenhagen-zoo,Copenhagen Zoo,Copenhagen,Denmark,8,template:generic_zoo,Tortoise,4,animal,template,galapagos-tortoise,"Slow, close views",
cairo-zoo,Giza Zoo,Cairo,Egypt,8,template:generic_zoo,Elephant,1,animal,template,african-elephant,"Large, memorable; confirm African vs Asian",
cairo-zoo,Giza Zoo,Cairo,Egypt,8,template:generic_zoo,Giraffe,1,animal,template,reticulated-giraffe,"Tall, easy for kids to spot",
cairo-zoo,Giza Zoo,Cairo,Egypt,8,template:generic_zoo,Lion,1,animal,template,african-lion,Iconic big cat; often near savanna,
cairo-zoo,Giza Zoo,Cairo,Egypt,8,template:generic_zoo,Children's zoo / farm,2,zone,template,,Rest + little kids reset,
cairo-zoo,Giza Zoo,Cairo,Egypt,8,template:generic_zoo,Gorilla or large ape,2,animal,template,western-lowland-gorilla,Primate house highlight,
cairo-zoo,Giza Zoo,Cairo,Egypt,8,template:generic_zoo,Penguin,2,animal,template,african-penguin,"Active, kid magnet",
cairo-zoo,Giza Zoo,Cairo,Egypt,8,template:generic_zoo,Tiger,2,animal,template,sumatran-tiger,Stripes; popular photo stop,
cairo-zoo,Giza Zoo,Cairo,Egypt,8,template:generic_zoo,Otter,3,animal,template,asian-small-clawed-otter,Active water play,
cairo-zoo,Giza Zoo,Cairo,Egypt,8,template:generic_zoo,Playground / splash if open,3,experience,template,,Energy burn between animals,
cairo-zoo,Giza Zoo,Cairo,Egypt,8,template:generic_zoo,Red panda,3,animal,template,red-panda,Cute climber; not giant panda,
cairo-zoo,Giza Zoo,Cairo,Egypt,8,template:generic_zoo,Zebra,3,animal,template,zebra,Pattern hunt,
cairo-zoo,Giza Zoo,Cairo,Egypt,8,template:generic_zoo,Tortoise,4,animal,template,galapagos-tortoise,"Slow, close views",
helsinki-zoo,Korkeasaari Zoo,Helsinki,Finland,8,template:generic_zoo,Elephant,1,animal,template,african-elephant,"Large, memorable; confirm African vs Asian",
helsinki-zoo,Korkeasaari Zoo,Helsinki,Finland,8,template:generic_zoo,Giraffe,1,animal,template,reticulated-giraffe,"Tall, easy for kids to spot",
helsinki-zoo,Korkeasaari Zoo,Helsinki,Finland,8,template:generic_zoo,Lion,1,animal,template,african-lion,Iconic big cat; often near savanna,
helsinki-zoo,Korkeasaari Zoo,Helsinki,Finland,8,template:generic_zoo,Children's zoo / farm,2,zone,template,,Rest + little kids reset,
helsinki-zoo,Korkeasaari Zoo,Helsinki,Finland,8,template:generic_zoo,Gorilla or large ape,2,animal,template,western-lowland-gorilla,Primate house highlight,
helsinki-zoo,Korkeasaari Zoo,Helsinki,Finland,8,template:generic_zoo,Penguin,2,animal,template,african-penguin,"Active, kid magnet",
helsinki-zoo,Korkeasaari Zoo,Helsinki,Finland,8,template:generic_zoo,Tiger,2,animal,template,sumatran-tiger,Stripes; popular photo stop,
helsinki-zoo,Korkeasaari Zoo,Helsinki,Finland,8,template:generic_zoo,Otter,3,animal,template,asian-small-clawed-otter,Active water play,
helsinki-zoo,Korkeasaari Zoo,Helsinki,Finland,8,template:generic_zoo,Playground / splash if open,3,experience,template,,Energy burn between animals,
helsinki-zoo,Korkeasaari Zoo,Helsinki,Finland,8,template:generic_zoo,Red panda,3,animal,template,red-panda,Cute climber; not giant panda,
helsinki-zoo,Korkeasaari Zoo,Helsinki,Finland,8,template:generic_zoo,Zebra,3,animal,template,zebra,Pattern hunt,
helsinki-zoo,Korkeasaari Zoo,Helsinki,Finland,8,template:generic_zoo,Tortoise,4,animal,template,galapagos-tortoise,"Slow, close views",
munich-zoo,Hellabrunn Zoo,Munich,Germany,8,template:generic_zoo,Elephant,1,animal,template,african-elephant,"Large, memorable; confirm African vs Asian",
munich-zoo,Hellabrunn Zoo,Munich,Germany,8,template:generic_zoo,Giraffe,1,animal,template,reticulated-giraffe,"Tall, easy for kids to spot",
munich-zoo,Hellabrunn Zoo,Munich,Germany,8,template:generic_zoo,Lion,1,animal,template,african-lion,Iconic big cat; often near savanna,
munich-zoo,Hellabrunn Zoo,Munich,Germany,8,template:generic_zoo,Children's zoo / farm,2,zone,template,,Rest + little kids reset,
munich-zoo,Hellabrunn Zoo,Munich,Germany,8,template:generic_zoo,Gorilla or large ape,2,animal,template,western-lowland-gorilla,Primate house highlight,
munich-zoo,Hellabrunn Zoo,Munich,Germany,8,template:generic_zoo,Penguin,2,animal,template,african-penguin,"Active, kid magnet",
munich-zoo,Hellabrunn Zoo,Munich,Germany,8,template:generic_zoo,Tiger,2,animal,template,sumatran-tiger,Stripes; popular photo stop,
munich-zoo,Hellabrunn Zoo,Munich,Germany,8,template:generic_zoo,Otter,3,animal,template,asian-small-clawed-otter,Active water play,
munich-zoo,Hellabrunn Zoo,Munich,Germany,8,template:generic_zoo,Playground / splash if open,3,experience,template,,Energy burn between animals,
munich-zoo,Hellabrunn Zoo,Munich,Germany,8,template:generic_zoo,Red panda,3,animal,template,red-panda,Cute climber; not giant panda,
munich-zoo,Hellabrunn Zoo,Munich,Germany,8,template:generic_zoo,Zebra,3,animal,template,zebra,Pattern hunt,
munich-zoo,Hellabrunn Zoo,Munich,Germany,8,template:generic_zoo,Tortoise,4,animal,template,galapagos-tortoise,"Slow, close views",
athens-attica-zoo,Attica Zoological Park,Athens,Greece,8,template:generic_zoo,Elephant,1,animal,template,african-elephant,"Large, memorable; confirm African vs Asian",
athens-attica-zoo,Attica Zoological Park,Athens,Greece,8,template:generic_zoo,Giraffe,1,animal,template,reticulated-giraffe,"Tall, easy for kids to spot",
athens-attica-zoo,Attica Zoological Park,Athens,Greece,8,template:generic_zoo,Lion,1,animal,template,african-lion,Iconic big cat; often near savanna,
athens-attica-zoo,Attica Zoological Park,Athens,Greece,8,template:generic_zoo,Children's zoo / farm,2,zone,template,,Rest + little kids reset,
athens-attica-zoo,Attica Zoological Park,Athens,Greece,8,template:generic_zoo,Gorilla or large ape,2,animal,template,western-lowland-gorilla,Primate house highlight,
athens-attica-zoo,Attica Zoological Park,Athens,Greece,8,template:generic_zoo,Penguin,2,animal,template,african-penguin,"Active, kid magnet",
athens-attica-zoo,Attica Zoological Park,Athens,Greece,8,template:generic_zoo,Tiger,2,animal,template,sumatran-tiger,Stripes; popular photo stop,
athens-attica-zoo,Attica Zoological Park,Athens,Greece,8,template:generic_zoo,Otter,3,animal,template,asian-small-clawed-otter,Active water play,
athens-attica-zoo,Attica Zoological Park,Athens,Greece,8,template:generic_zoo,Playground / splash if open,3,experience,template,,Energy burn between animals,
athens-attica-zoo,Attica Zoological Park,Athens,Greece,8,template:generic_zoo,Red panda,3,animal,template,red-panda,Cute climber; not giant panda,
athens-attica-zoo,Attica Zoological Park,Athens,Greece,8,template:generic_zoo,Zebra,3,animal,template,zebra,Pattern hunt,
athens-attica-zoo,Attica Zoological Park,Athens,Greece,8,template:generic_zoo,Tortoise,4,animal,template,galapagos-tortoise,"Slow, close views",
budapest-zoo,Budapest Zoo,Budapest,Hungary,8,template:generic_zoo,Elephant,1,animal,template,african-elephant,"Large, memorable; confirm African vs Asian",
budapest-zoo,Budapest Zoo,Budapest,Hungary,8,template:generic_zoo,Giraffe,1,animal,template,reticulated-giraffe,"Tall, easy for kids to spot",
budapest-zoo,Budapest Zoo,Budapest,Hungary,8,template:generic_zoo,Lion,1,animal,template,african-lion,Iconic big cat; often near savanna,
budapest-zoo,Budapest Zoo,Budapest,Hungary,8,template:generic_zoo,Children's zoo / farm,2,zone,template,,Rest + little kids reset,
budapest-zoo,Budapest Zoo,Budapest,Hungary,8,template:generic_zoo,Gorilla or large ape,2,animal,template,western-lowland-gorilla,Primate house highlight,
budapest-zoo,Budapest Zoo,Budapest,Hungary,8,template:generic_zoo,Penguin,2,animal,template,african-penguin,"Active, kid magnet",
budapest-zoo,Budapest Zoo,Budapest,Hungary,8,template:generic_zoo,Tiger,2,animal,template,sumatran-tiger,Stripes; popular photo stop,
budapest-zoo,Budapest Zoo,Budapest,Hungary,8,template:generic_zoo,Otter,3,animal,template,asian-small-clawed-otter,Active water play,
budapest-zoo,Budapest Zoo,Budapest,Hungary,8,template:generic_zoo,Playground / splash if open,3,experience,template,,Energy burn between animals,
budapest-zoo,Budapest Zoo,Budapest,Hungary,8,template:generic_zoo,Red panda,3,animal,template,red-panda,Cute climber; not giant panda,
budapest-zoo,Budapest Zoo,Budapest,Hungary,8,template:generic_zoo,Zebra,3,animal,template,zebra,Pattern hunt,
budapest-zoo,Budapest Zoo,Budapest,Hungary,8,template:generic_zoo,Tortoise,4,animal,template,galapagos-tortoise,"Slow, close views",
bangalore-bannerghatta,Bannerghatta Biological Park,Bengaluru,India,8,template:generic_safari,Elephant,1,animal,template,african-elephant,,
bangalore-bannerghatta,Bannerghatta Biological Park,Bengaluru,India,8,template:generic_safari,Giraffe,1,animal,template,reticulated-giraffe,,
bangalore-bannerghatta,Bannerghatta Biological Park,Bengaluru,India,8,template:generic_safari,Lion,1,animal,template,african-lion,,
bangalore-bannerghatta,Bannerghatta Biological Park,Bengaluru,India,8,template:generic_safari,Tram / drive-through,1,experience,template,,Core safari format,
bangalore-bannerghatta,Bannerghatta Biological Park,Bengaluru,India,8,template:generic_safari,Cheetah or fast cat,2,animal,template,cheetah,,
bangalore-bannerghatta,Bannerghatta Biological Park,Bengaluru,India,8,template:generic_safari,Rhino (if present),2,animal,template,,,Confirm species/presence
bangalore-bannerghatta,Bannerghatta Biological Park,Bengaluru,India,8,template:generic_safari,Zebra,2,animal,template,zebra,,
delhi-zoo,National Zoological Park,Delhi,India,8,template:generic_zoo,Elephant,1,animal,template,african-elephant,"Large, memorable; confirm African vs Asian",
delhi-zoo,National Zoological Park,Delhi,India,8,template:generic_zoo,Giraffe,1,animal,template,reticulated-giraffe,"Tall, easy for kids to spot",
delhi-zoo,National Zoological Park,Delhi,India,8,template:generic_zoo,Lion,1,animal,template,african-lion,Iconic big cat; often near savanna,
delhi-zoo,National Zoological Park,Delhi,India,8,template:generic_zoo,Children's zoo / farm,2,zone,template,,Rest + little kids reset,
delhi-zoo,National Zoological Park,Delhi,India,8,template:generic_zoo,Gorilla or large ape,2,animal,template,western-lowland-gorilla,Primate house highlight,
delhi-zoo,National Zoological Park,Delhi,India,8,template:generic_zoo,Penguin,2,animal,template,african-penguin,"Active, kid magnet",
delhi-zoo,National Zoological Park,Delhi,India,8,template:generic_zoo,Tiger,2,animal,template,sumatran-tiger,Stripes; popular photo stop,
delhi-zoo,National Zoological Park,Delhi,India,8,template:generic_zoo,Otter,3,animal,template,asian-small-clawed-otter,Active water play,
delhi-zoo,National Zoological Park,Delhi,India,8,template:generic_zoo,Playground / splash if open,3,experience,template,,Energy burn between animals,
delhi-zoo,National Zoological Park,Delhi,India,8,template:generic_zoo,Red panda,3,animal,template,red-panda,Cute climber; not giant panda,
delhi-zoo,National Zoological Park,Delhi,India,8,template:generic_zoo,Zebra,3,animal,template,zebra,Pattern hunt,
delhi-zoo,National Zoological Park,Delhi,India,8,template:generic_zoo,Tortoise,4,animal,template,galapagos-tortoise,"Slow, close views",
mumbai-byculla-zoo,Byculla Zoo (Jijamata Udyan),Mumbai,India,8,template:generic_zoo,Elephant,1,animal,template,african-elephant,"Large, memorable; confirm African vs Asian",
mumbai-byculla-zoo,Byculla Zoo (Jijamata Udyan),Mumbai,India,8,template:generic_zoo,Giraffe,1,animal,template,reticulated-giraffe,"Tall, easy for kids to spot",
mumbai-byculla-zoo,Byculla Zoo (Jijamata Udyan),Mumbai,India,8,template:generic_zoo,Lion,1,animal,template,african-lion,Iconic big cat; often near savanna,
mumbai-byculla-zoo,Byculla Zoo (Jijamata Udyan),Mumbai,India,8,template:generic_zoo,Children's zoo / farm,2,zone,template,,Rest + little kids reset,
mumbai-byculla-zoo,Byculla Zoo (Jijamata Udyan),Mumbai,India,8,template:generic_zoo,Gorilla or large ape,2,animal,template,western-lowland-gorilla,Primate house highlight,
mumbai-byculla-zoo,Byculla Zoo (Jijamata Udyan),Mumbai,India,8,template:generic_zoo,Penguin,2,animal,template,african-penguin,"Active, kid magnet",
mumbai-byculla-zoo,Byculla Zoo (Jijamata Udyan),Mumbai,India,8,template:generic_zoo,Tiger,2,animal,template,sumatran-tiger,Stripes; popular photo stop,
mumbai-byculla-zoo,Byculla Zoo (Jijamata Udyan),Mumbai,India,8,template:generic_zoo,Otter,3,animal,template,asian-small-clawed-otter,Active water play,
mumbai-byculla-zoo,Byculla Zoo (Jijamata Udyan),Mumbai,India,8,template:generic_zoo,Playground / splash if open,3,experience,template,,Energy burn between animals,
mumbai-byculla-zoo,Byculla Zoo (Jijamata Udyan),Mumbai,India,8,template:generic_zoo,Red panda,3,animal,template,red-panda,Cute climber; not giant panda,
mumbai-byculla-zoo,Byculla Zoo (Jijamata Udyan),Mumbai,India,8,template:generic_zoo,Zebra,3,animal,template,zebra,Pattern hunt,
mumbai-byculla-zoo,Byculla Zoo (Jijamata Udyan),Mumbai,India,8,template:generic_zoo,Tortoise,4,animal,template,galapagos-tortoise,"Slow, close views",
jakarta-ragunan,Ragunan Zoo,Jakarta,Indonesia,8,template:generic_zoo,Elephant,1,animal,template,african-elephant,"Large, memorable; confirm African vs Asian",
jakarta-ragunan,Ragunan Zoo,Jakarta,Indonesia,8,template:generic_zoo,Giraffe,1,animal,template,reticulated-giraffe,"Tall, easy for kids to spot",
jakarta-ragunan,Ragunan Zoo,Jakarta,Indonesia,8,template:generic_zoo,Lion,1,animal,template,african-lion,Iconic big cat; often near savanna,
jakarta-ragunan,Ragunan Zoo,Jakarta,Indonesia,8,template:generic_zoo,Children's zoo / farm,2,zone,template,,Rest + little kids reset,
jakarta-ragunan,Ragunan Zoo,Jakarta,Indonesia,8,template:generic_zoo,Gorilla or large ape,2,animal,template,western-lowland-gorilla,Primate house highlight,
jakarta-ragunan,Ragunan Zoo,Jakarta,Indonesia,8,template:generic_zoo,Penguin,2,animal,template,african-penguin,"Active, kid magnet",
jakarta-ragunan,Ragunan Zoo,Jakarta,Indonesia,8,template:generic_zoo,Tiger,2,animal,template,sumatran-tiger,Stripes; popular photo stop,
jakarta-ragunan,Ragunan Zoo,Jakarta,Indonesia,8,template:generic_zoo,Otter,3,animal,template,asian-small-clawed-otter,Active water play,
jakarta-ragunan,Ragunan Zoo,Jakarta,Indonesia,8,template:generic_zoo,Playground / splash if open,3,experience,template,,Energy burn between animals,
jakarta-ragunan,Ragunan Zoo,Jakarta,Indonesia,8,template:generic_zoo,Red panda,3,animal,template,red-panda,Cute climber; not giant panda,
jakarta-ragunan,Ragunan Zoo,Jakarta,Indonesia,8,template:generic_zoo,Zebra,3,animal,template,zebra,Pattern hunt,
jakarta-ragunan,Ragunan Zoo,Jakarta,Indonesia,8,template:generic_zoo,Tortoise,4,animal,template,galapagos-tortoise,"Slow, close views",
milan-aquarium,Acquario di Milano,Milan,Italy,8,template:generic_aquarium,Ray / touch pool if open,1,animal,template,stingray,Interactive,
milan-aquarium,Acquario di Milano,Milan,Italy,8,template:generic_aquarium,Shark,1,animal,template,shark,Hero tank,
milan-aquarium,Acquario di Milano,Milan,Italy,8,template:generic_aquarium,Tunnel / underwater walk,1,experience,template,,Signature aquarium moment,
milan-aquarium,Acquario di Milano,Milan,Italy,8,template:generic_aquarium,Jellyfish,2,animal,template,jellyfish,Mesmerizing for toddlers,
milan-aquarium,Acquario di Milano,Milan,Italy,8,template:generic_aquarium,Octopus,2,animal,template,octopus,Hide-and-seek fun,
milan-aquarium,Acquario di Milano,Milan,Italy,8,template:generic_aquarium,Penguin (if present),2,animal,template,african-penguin,Many aquariums have them,
milan-aquarium,Acquario di Milano,Milan,Italy,8,template:generic_aquarium,Sea turtle,2,animal,template,sea-turtle,Easy ID,
milan-aquarium,Acquario di Milano,Milan,Italy,8,template:generic_aquarium,Clownfish / reef,3,animal,template,clownfish,Color pop,
milan-aquarium,Acquario di Milano,Milan,Italy,8,template:generic_aquarium,Seahorse,3,animal,template,seahorse,Small find challenge,
rome-bioparco,Bioparco di Roma,Rome,Italy,8,template:generic_zoo,Elephant,1,animal,template,african-elephant,"Large, memorable; confirm African vs Asian",
rome-bioparco,Bioparco di Roma,Rome,Italy,8,template:generic_zoo,Giraffe,1,animal,template,reticulated-giraffe,"Tall, easy for kids to spot",
rome-bioparco,Bioparco di Roma,Rome,Italy,8,template:generic_zoo,Lion,1,animal,template,african-lion,Iconic big cat; often near savanna,
rome-bioparco,Bioparco di Roma,Rome,Italy,8,template:generic_zoo,Children's zoo / farm,2,zone,template,,Rest + little kids reset,
rome-bioparco,Bioparco di Roma,Rome,Italy,8,template:generic_zoo,Gorilla or large ape,2,animal,template,western-lowland-gorilla,Primate house highlight,
rome-bioparco,Bioparco di Roma,Rome,Italy,8,template:generic_zoo,Penguin,2,animal,template,african-penguin,"Active, kid magnet",
rome-bioparco,Bioparco di Roma,Rome,Italy,8,template:generic_zoo,Tiger,2,animal,template,sumatran-tiger,Stripes; popular photo stop,
rome-bioparco,Bioparco di Roma,Rome,Italy,8,template:generic_zoo,Otter,3,animal,template,asian-small-clawed-otter,Active water play,
rome-bioparco,Bioparco di Roma,Rome,Italy,8,template:generic_zoo,Playground / splash if open,3,experience,template,,Energy burn between animals,
rome-bioparco,Bioparco di Roma,Rome,Italy,8,template:generic_zoo,Red panda,3,animal,template,red-panda,Cute climber; not giant panda,
rome-bioparco,Bioparco di Roma,Rome,Italy,8,template:generic_zoo,Zebra,3,animal,template,zebra,Pattern hunt,
rome-bioparco,Bioparco di Roma,Rome,Italy,8,template:generic_zoo,Tortoise,4,animal,template,galapagos-tortoise,"Slow, close views",
nairobi-safari-walk,Nairobi Safari Walk,Nairobi,Kenya,8,template:generic_safari,Elephant,1,animal,template,african-elephant,,
nairobi-safari-walk,Nairobi Safari Walk,Nairobi,Kenya,8,template:generic_safari,Giraffe,1,animal,template,reticulated-giraffe,,
nairobi-safari-walk,Nairobi Safari Walk,Nairobi,Kenya,8,template:generic_safari,Lion,1,animal,template,african-lion,,
nairobi-safari-walk,Nairobi Safari Walk,Nairobi,Kenya,8,template:generic_safari,Tram / drive-through,1,experience,template,,Core safari format,
nairobi-safari-walk,Nairobi Safari Walk,Nairobi,Kenya,8,template:generic_safari,Cheetah or fast cat,2,animal,template,cheetah,,
nairobi-safari-walk,Nairobi Safari Walk,Nairobi,Kenya,8,template:generic_safari,Rhino (if present),2,animal,template,,,Confirm species/presence
nairobi-safari-walk,Nairobi Safari Walk,Nairobi,Kenya,8,template:generic_safari,Zebra,2,animal,template,zebra,,
kuala-lumpur-zoo,Zoo Negara,Kuala Lumpur,Malaysia,8,template:generic_zoo,Elephant,1,animal,template,african-elephant,"Large, memorable; confirm African vs Asian",
kuala-lumpur-zoo,Zoo Negara,Kuala Lumpur,Malaysia,8,template:generic_zoo,Giraffe,1,animal,template,reticulated-giraffe,"Tall, easy for kids to spot",
kuala-lumpur-zoo,Zoo Negara,Kuala Lumpur,Malaysia,8,template:generic_zoo,Lion,1,animal,template,african-lion,Iconic big cat; often near savanna,
kuala-lumpur-zoo,Zoo Negara,Kuala Lumpur,Malaysia,8,template:generic_zoo,Children's zoo / farm,2,zone,template,,Rest + little kids reset,
kuala-lumpur-zoo,Zoo Negara,Kuala Lumpur,Malaysia,8,template:generic_zoo,Gorilla or large ape,2,animal,template,western-lowland-gorilla,Primate house highlight,
kuala-lumpur-zoo,Zoo Negara,Kuala Lumpur,Malaysia,8,template:generic_zoo,Penguin,2,animal,template,african-penguin,"Active, kid magnet",
kuala-lumpur-zoo,Zoo Negara,Kuala Lumpur,Malaysia,8,template:generic_zoo,Tiger,2,animal,template,sumatran-tiger,Stripes; popular photo stop,
kuala-lumpur-zoo,Zoo Negara,Kuala Lumpur,Malaysia,8,template:generic_zoo,Otter,3,animal,template,asian-small-clawed-otter,Active water play,
kuala-lumpur-zoo,Zoo Negara,Kuala Lumpur,Malaysia,8,template:generic_zoo,Playground / splash if open,3,experience,template,,Energy burn between animals,
kuala-lumpur-zoo,Zoo Negara,Kuala Lumpur,Malaysia,8,template:generic_zoo,Red panda,3,animal,template,red-panda,Cute climber; not giant panda,
kuala-lumpur-zoo,Zoo Negara,Kuala Lumpur,Malaysia,8,template:generic_zoo,Zebra,3,animal,template,zebra,Pattern hunt,
kuala-lumpur-zoo,Zoo Negara,Kuala Lumpur,Malaysia,8,template:generic_zoo,Tortoise,4,animal,template,galapagos-tortoise,"Slow, close views",
chapultepec-zoo,Chapultepec Zoo,Mexico City,Mexico,8,template:generic_zoo,Elephant,1,animal,template,african-elephant,"Large, memorable; confirm African vs Asian",
chapultepec-zoo,Chapultepec Zoo,Mexico City,Mexico,8,template:generic_zoo,Giraffe,1,animal,template,reticulated-giraffe,"Tall, easy for kids to spot",
chapultepec-zoo,Chapultepec Zoo,Mexico City,Mexico,8,template:generic_zoo,Lion,1,animal,template,african-lion,Iconic big cat; often near savanna,
chapultepec-zoo,Chapultepec Zoo,Mexico City,Mexico,8,template:generic_zoo,Children's zoo / farm,2,zone,template,,Rest + little kids reset,
chapultepec-zoo,Chapultepec Zoo,Mexico City,Mexico,8,template:generic_zoo,Gorilla or large ape,2,animal,template,western-lowland-gorilla,Primate house highlight,
chapultepec-zoo,Chapultepec Zoo,Mexico City,Mexico,8,template:generic_zoo,Penguin,2,animal,template,african-penguin,"Active, kid magnet",
chapultepec-zoo,Chapultepec Zoo,Mexico City,Mexico,8,template:generic_zoo,Tiger,2,animal,template,sumatran-tiger,Stripes; popular photo stop,
chapultepec-zoo,Chapultepec Zoo,Mexico City,Mexico,8,template:generic_zoo,Otter,3,animal,template,asian-small-clawed-otter,Active water play,
chapultepec-zoo,Chapultepec Zoo,Mexico City,Mexico,8,template:generic_zoo,Playground / splash if open,3,experience,template,,Energy burn between animals,
chapultepec-zoo,Chapultepec Zoo,Mexico City,Mexico,8,template:generic_zoo,Red panda,3,animal,template,red-panda,Cute climber; not giant panda,
chapultepec-zoo,Chapultepec Zoo,Mexico City,Mexico,8,template:generic_zoo,Zebra,3,animal,template,zebra,Pattern hunt,
chapultepec-zoo,Chapultepec Zoo,Mexico City,Mexico,8,template:generic_zoo,Tortoise,4,animal,template,galapagos-tortoise,"Slow, close views",
artis-zoo,Artis Zoo,Amsterdam,Netherlands,8,template:generic_zoo,Elephant,1,animal,template,african-elephant,"Large, memorable; confirm African vs Asian",
artis-zoo,Artis Zoo,Amsterdam,Netherlands,8,template:generic_zoo,Giraffe,1,animal,template,reticulated-giraffe,"Tall, easy for kids to spot",
artis-zoo,Artis Zoo,Amsterdam,Netherlands,8,template:generic_zoo,Lion,1,animal,template,african-lion,Iconic big cat; often near savanna,
artis-zoo,Artis Zoo,Amsterdam,Netherlands,8,template:generic_zoo,Children's zoo / farm,2,zone,template,,Rest + little kids reset,
artis-zoo,Artis Zoo,Amsterdam,Netherlands,8,template:generic_zoo,Gorilla or large ape,2,animal,template,western-lowland-gorilla,Primate house highlight,
artis-zoo,Artis Zoo,Amsterdam,Netherlands,8,template:generic_zoo,Penguin,2,animal,template,african-penguin,"Active, kid magnet",
artis-zoo,Artis Zoo,Amsterdam,Netherlands,8,template:generic_zoo,Tiger,2,animal,template,sumatran-tiger,Stripes; popular photo stop,
artis-zoo,Artis Zoo,Amsterdam,Netherlands,8,template:generic_zoo,Otter,3,animal,template,asian-small-clawed-otter,Active water play,
artis-zoo,Artis Zoo,Amsterdam,Netherlands,8,template:generic_zoo,Playground / splash if open,3,experience,template,,Energy burn between animals,
artis-zoo,Artis Zoo,Amsterdam,Netherlands,8,template:generic_zoo,Red panda,3,animal,template,red-panda,Cute climber; not giant panda,
artis-zoo,Artis Zoo,Amsterdam,Netherlands,8,template:generic_zoo,Zebra,3,animal,template,zebra,Pattern hunt,
artis-zoo,Artis Zoo,Amsterdam,Netherlands,8,template:generic_zoo,Tortoise,4,animal,template,galapagos-tortoise,"Slow, close views",
auckland-zoo,Auckland Zoo,Auckland,New Zealand,8,template:generic_zoo,Elephant,1,animal,template,african-elephant,"Large, memorable; confirm African vs Asian",
auckland-zoo,Auckland Zoo,Auckland,New Zealand,8,template:generic_zoo,Giraffe,1,animal,template,reticulated-giraffe,"Tall, easy for kids to spot",
auckland-zoo,Auckland Zoo,Auckland,New Zealand,8,template:generic_zoo,Lion,1,animal,template,african-lion,Iconic big cat; often near savanna,
auckland-zoo,Auckland Zoo,Auckland,New Zealand,8,template:generic_zoo,Children's zoo / farm,2,zone,template,,Rest + little kids reset,
auckland-zoo,Auckland Zoo,Auckland,New Zealand,8,template:generic_zoo,Gorilla or large ape,2,animal,template,western-lowland-gorilla,Primate house highlight,
auckland-zoo,Auckland Zoo,Auckland,New Zealand,8,template:generic_zoo,Penguin,2,animal,template,african-penguin,"Active, kid magnet",
auckland-zoo,Auckland Zoo,Auckland,New Zealand,8,template:generic_zoo,Tiger,2,animal,template,sumatran-tiger,Stripes; popular photo stop,
auckland-zoo,Auckland Zoo,Auckland,New Zealand,8,template:generic_zoo,Otter,3,animal,template,asian-small-clawed-otter,Active water play,
auckland-zoo,Auckland Zoo,Auckland,New Zealand,8,template:generic_zoo,Playground / splash if open,3,experience,template,,Energy burn between animals,
auckland-zoo,Auckland Zoo,Auckland,New Zealand,8,template:generic_zoo,Red panda,3,animal,template,red-panda,Cute climber; not giant panda,
auckland-zoo,Auckland Zoo,Auckland,New Zealand,8,template:generic_zoo,Zebra,3,animal,template,zebra,Pattern hunt,
auckland-zoo,Auckland Zoo,Auckland,New Zealand,8,template:generic_zoo,Tortoise,4,animal,template,galapagos-tortoise,"Slow, close views",
wellington-zoo,Wellington Zoo,Wellington,New Zealand,8,template:generic_zoo,Elephant,1,animal,template,african-elephant,"Large, memorable; confirm African vs Asian",
wellington-zoo,Wellington Zoo,Wellington,New Zealand,8,template:generic_zoo,Giraffe,1,animal,template,reticulated-giraffe,"Tall, easy for kids to spot",
wellington-zoo,Wellington Zoo,Wellington,New Zealand,8,template:generic_zoo,Lion,1,animal,template,african-lion,Iconic big cat; often near savanna,
wellington-zoo,Wellington Zoo,Wellington,New Zealand,8,template:generic_zoo,Children's zoo / farm,2,zone,template,,Rest + little kids reset,
wellington-zoo,Wellington Zoo,Wellington,New Zealand,8,template:generic_zoo,Gorilla or large ape,2,animal,template,western-lowland-gorilla,Primate house highlight,
wellington-zoo,Wellington Zoo,Wellington,New Zealand,8,template:generic_zoo,Penguin,2,animal,template,african-penguin,"Active, kid magnet",
wellington-zoo,Wellington Zoo,Wellington,New Zealand,8,template:generic_zoo,Tiger,2,animal,template,sumatran-tiger,Stripes; popular photo stop,
wellington-zoo,Wellington Zoo,Wellington,New Zealand,8,template:generic_zoo,Otter,3,animal,template,asian-small-clawed-otter,Active water play,
wellington-zoo,Wellington Zoo,Wellington,New Zealand,8,template:generic_zoo,Playground / splash if open,3,experience,template,,Energy burn between animals,
wellington-zoo,Wellington Zoo,Wellington,New Zealand,8,template:generic_zoo,Red panda,3,animal,template,red-panda,Cute climber; not giant panda,
wellington-zoo,Wellington Zoo,Wellington,New Zealand,8,template:generic_zoo,Zebra,3,animal,template,zebra,Pattern hunt,
wellington-zoo,Wellington Zoo,Wellington,New Zealand,8,template:generic_zoo,Tortoise,4,animal,template,galapagos-tortoise,"Slow, close views",
oslo-zoo,Kristiansand Zoo,Kristiansand,Norway,8,template:generic_zoo,Elephant,1,animal,template,african-elephant,"Large, memorable; confirm African vs Asian",
oslo-zoo,Kristiansand Zoo,Kristiansand,Norway,8,template:generic_zoo,Giraffe,1,animal,template,reticulated-giraffe,"Tall, easy for kids to spot",
oslo-zoo,Kristiansand Zoo,Kristiansand,Norway,8,template:generic_zoo,Lion,1,animal,template,african-lion,Iconic big cat; often near savanna,
oslo-zoo,Kristiansand Zoo,Kristiansand,Norway,8,template:generic_zoo,Children's zoo / farm,2,zone,template,,Rest + little kids reset,
oslo-zoo,Kristiansand Zoo,Kristiansand,Norway,8,template:generic_zoo,Gorilla or large ape,2,animal,template,western-lowland-gorilla,Primate house highlight,
oslo-zoo,Kristiansand Zoo,Kristiansand,Norway,8,template:generic_zoo,Penguin,2,animal,template,african-penguin,"Active, kid magnet",
oslo-zoo,Kristiansand Zoo,Kristiansand,Norway,8,template:generic_zoo,Tiger,2,animal,template,sumatran-tiger,Stripes; popular photo stop,
oslo-zoo,Kristiansand Zoo,Kristiansand,Norway,8,template:generic_zoo,Otter,3,animal,template,asian-small-clawed-otter,Active water play,
oslo-zoo,Kristiansand Zoo,Kristiansand,Norway,8,template:generic_zoo,Playground / splash if open,3,experience,template,,Energy burn between animals,
oslo-zoo,Kristiansand Zoo,Kristiansand,Norway,8,template:generic_zoo,Red panda,3,animal,template,red-panda,Cute climber; not giant panda,
oslo-zoo,Kristiansand Zoo,Kristiansand,Norway,8,template:generic_zoo,Zebra,3,animal,template,zebra,Pattern hunt,
oslo-zoo,Kristiansand Zoo,Kristiansand,Norway,8,template:generic_zoo,Tortoise,4,animal,template,galapagos-tortoise,"Slow, close views",
lima-leyendas,Parque de las Leyendas,Lima,Peru,8,template:generic_zoo,Elephant,1,animal,template,african-elephant,"Large, memorable; confirm African vs Asian",
lima-leyendas,Parque de las Leyendas,Lima,Peru,8,template:generic_zoo,Giraffe,1,animal,template,reticulated-giraffe,"Tall, easy for kids to spot",
lima-leyendas,Parque de las Leyendas,Lima,Peru,8,template:generic_zoo,Lion,1,animal,template,african-lion,Iconic big cat; often near savanna,
lima-leyendas,Parque de las Leyendas,Lima,Peru,8,template:generic_zoo,Children's zoo / farm,2,zone,template,,Rest + little kids reset,
lima-leyendas,Parque de las Leyendas,Lima,Peru,8,template:generic_zoo,Gorilla or large ape,2,animal,template,western-lowland-gorilla,Primate house highlight,
lima-leyendas,Parque de las Leyendas,Lima,Peru,8,template:generic_zoo,Penguin,2,animal,template,african-penguin,"Active, kid magnet",
lima-leyendas,Parque de las Leyendas,Lima,Peru,8,template:generic_zoo,Tiger,2,animal,template,sumatran-tiger,Stripes; popular photo stop,
lima-leyendas,Parque de las Leyendas,Lima,Peru,8,template:generic_zoo,Otter,3,animal,template,asian-small-clawed-otter,Active water play,
lima-leyendas,Parque de las Leyendas,Lima,Peru,8,template:generic_zoo,Playground / splash if open,3,experience,template,,Energy burn between animals,
lima-leyendas,Parque de las Leyendas,Lima,Peru,8,template:generic_zoo,Red panda,3,animal,template,red-panda,Cute climber; not giant panda,
lima-leyendas,Parque de las Leyendas,Lima,Peru,8,template:generic_zoo,Zebra,3,animal,template,zebra,Pattern hunt,
lima-leyendas,Parque de las Leyendas,Lima,Peru,8,template:generic_zoo,Tortoise,4,animal,template,galapagos-tortoise,"Slow, close views",
manila-zoo,Manila Zoo,Manila,Philippines,8,template:generic_zoo,Elephant,1,animal,template,african-elephant,"Large, memorable; confirm African vs Asian",
manila-zoo,Manila Zoo,Manila,Philippines,8,template:generic_zoo,Giraffe,1,animal,template,reticulated-giraffe,"Tall, easy for kids to spot",
manila-zoo,Manila Zoo,Manila,Philippines,8,template:generic_zoo,Lion,1,animal,template,african-lion,Iconic big cat; often near savanna,
manila-zoo,Manila Zoo,Manila,Philippines,8,template:generic_zoo,Children's zoo / farm,2,zone,template,,Rest + little kids reset,
manila-zoo,Manila Zoo,Manila,Philippines,8,template:generic_zoo,Gorilla or large ape,2,animal,template,western-lowland-gorilla,Primate house highlight,
manila-zoo,Manila Zoo,Manila,Philippines,8,template:generic_zoo,Penguin,2,animal,template,african-penguin,"Active, kid magnet",
manila-zoo,Manila Zoo,Manila,Philippines,8,template:generic_zoo,Tiger,2,animal,template,sumatran-tiger,Stripes; popular photo stop,
manila-zoo,Manila Zoo,Manila,Philippines,8,template:generic_zoo,Otter,3,animal,template,asian-small-clawed-otter,Active water play,
manila-zoo,Manila Zoo,Manila,Philippines,8,template:generic_zoo,Playground / splash if open,3,experience,template,,Energy burn between animals,
manila-zoo,Manila Zoo,Manila,Philippines,8,template:generic_zoo,Red panda,3,animal,template,red-panda,Cute climber; not giant panda,
manila-zoo,Manila Zoo,Manila,Philippines,8,template:generic_zoo,Zebra,3,animal,template,zebra,Pattern hunt,
manila-zoo,Manila Zoo,Manila,Philippines,8,template:generic_zoo,Tortoise,4,animal,template,galapagos-tortoise,"Slow, close views",
warsaw-zoo,Warsaw Zoo,Warsaw,Poland,8,template:generic_zoo,Elephant,1,animal,template,african-elephant,"Large, memorable; confirm African vs Asian",
warsaw-zoo,Warsaw Zoo,Warsaw,Poland,8,template:generic_zoo,Giraffe,1,animal,template,reticulated-giraffe,"Tall, easy for kids to spot",
warsaw-zoo,Warsaw Zoo,Warsaw,Poland,8,template:generic_zoo,Lion,1,animal,template,african-lion,Iconic big cat; often near savanna,
warsaw-zoo,Warsaw Zoo,Warsaw,Poland,8,template:generic_zoo,Children's zoo / farm,2,zone,template,,Rest + little kids reset,
warsaw-zoo,Warsaw Zoo,Warsaw,Poland,8,template:generic_zoo,Gorilla or large ape,2,animal,template,western-lowland-gorilla,Primate house highlight,
warsaw-zoo,Warsaw Zoo,Warsaw,Poland,8,template:generic_zoo,Penguin,2,animal,template,african-penguin,"Active, kid magnet",
warsaw-zoo,Warsaw Zoo,Warsaw,Poland,8,template:generic_zoo,Tiger,2,animal,template,sumatran-tiger,Stripes; popular photo stop,
warsaw-zoo,Warsaw Zoo,Warsaw,Poland,8,template:generic_zoo,Otter,3,animal,template,asian-small-clawed-otter,Active water play,
warsaw-zoo,Warsaw Zoo,Warsaw,Poland,8,template:generic_zoo,Playground / splash if open,3,experience,template,,Energy burn between animals,
warsaw-zoo,Warsaw Zoo,Warsaw,Poland,8,template:generic_zoo,Red panda,3,animal,template,red-panda,Cute climber; not giant panda,
warsaw-zoo,Warsaw Zoo,Warsaw,Poland,8,template:generic_zoo,Zebra,3,animal,template,zebra,Pattern hunt,
warsaw-zoo,Warsaw Zoo,Warsaw,Poland,8,template:generic_zoo,Tortoise,4,animal,template,galapagos-tortoise,"Slow, close views",
lisbon-zoo,Lisbon Zoo,Lisbon,Portugal,8,template:generic_zoo,Elephant,1,animal,template,african-elephant,"Large, memorable; confirm African vs Asian",
lisbon-zoo,Lisbon Zoo,Lisbon,Portugal,8,template:generic_zoo,Giraffe,1,animal,template,reticulated-giraffe,"Tall, easy for kids to spot",
lisbon-zoo,Lisbon Zoo,Lisbon,Portugal,8,template:generic_zoo,Lion,1,animal,template,african-lion,Iconic big cat; often near savanna,
lisbon-zoo,Lisbon Zoo,Lisbon,Portugal,8,template:generic_zoo,Children's zoo / farm,2,zone,template,,Rest + little kids reset,
lisbon-zoo,Lisbon Zoo,Lisbon,Portugal,8,template:generic_zoo,Gorilla or large ape,2,animal,template,western-lowland-gorilla,Primate house highlight,
lisbon-zoo,Lisbon Zoo,Lisbon,Portugal,8,template:generic_zoo,Penguin,2,animal,template,african-penguin,"Active, kid magnet",
lisbon-zoo,Lisbon Zoo,Lisbon,Portugal,8,template:generic_zoo,Tiger,2,animal,template,sumatran-tiger,Stripes; popular photo stop,
lisbon-zoo,Lisbon Zoo,Lisbon,Portugal,8,template:generic_zoo,Otter,3,animal,template,asian-small-clawed-otter,Active water play,
lisbon-zoo,Lisbon Zoo,Lisbon,Portugal,8,template:generic_zoo,Playground / splash if open,3,experience,template,,Energy burn between animals,
lisbon-zoo,Lisbon Zoo,Lisbon,Portugal,8,template:generic_zoo,Red panda,3,animal,template,red-panda,Cute climber; not giant panda,
lisbon-zoo,Lisbon Zoo,Lisbon,Portugal,8,template:generic_zoo,Zebra,3,animal,template,zebra,Pattern hunt,
lisbon-zoo,Lisbon Zoo,Lisbon,Portugal,8,template:generic_zoo,Tortoise,4,animal,template,galapagos-tortoise,"Slow, close views",
moscow-zoo,Moscow Zoo,Moscow,Russia,8,template:generic_zoo,Elephant,1,animal,template,african-elephant,"Large, memorable; confirm African vs Asian",
moscow-zoo,Moscow Zoo,Moscow,Russia,8,template:generic_zoo,Giraffe,1,animal,template,reticulated-giraffe,"Tall, easy for kids to spot",
moscow-zoo,Moscow Zoo,Moscow,Russia,8,template:generic_zoo,Lion,1,animal,template,african-lion,Iconic big cat; often near savanna,
moscow-zoo,Moscow Zoo,Moscow,Russia,8,template:generic_zoo,Children's zoo / farm,2,zone,template,,Rest + little kids reset,
moscow-zoo,Moscow Zoo,Moscow,Russia,8,template:generic_zoo,Gorilla or large ape,2,animal,template,western-lowland-gorilla,Primate house highlight,
moscow-zoo,Moscow Zoo,Moscow,Russia,8,template:generic_zoo,Penguin,2,animal,template,african-penguin,"Active, kid magnet",
moscow-zoo,Moscow Zoo,Moscow,Russia,8,template:generic_zoo,Tiger,2,animal,template,sumatran-tiger,Stripes; popular photo stop,
moscow-zoo,Moscow Zoo,Moscow,Russia,8,template:generic_zoo,Otter,3,animal,template,asian-small-clawed-otter,Active water play,
moscow-zoo,Moscow Zoo,Moscow,Russia,8,template:generic_zoo,Playground / splash if open,3,experience,template,,Energy burn between animals,
moscow-zoo,Moscow Zoo,Moscow,Russia,8,template:generic_zoo,Red panda,3,animal,template,red-panda,Cute climber; not giant panda,
moscow-zoo,Moscow Zoo,Moscow,Russia,8,template:generic_zoo,Zebra,3,animal,template,zebra,Pattern hunt,
moscow-zoo,Moscow Zoo,Moscow,Russia,8,template:generic_zoo,Tortoise,4,animal,template,galapagos-tortoise,"Slow, close views",
two-oceans-aquarium,Two Oceans Aquarium,Cape Town,South Africa,8,template:generic_aquarium,Ray / touch pool if open,1,animal,template,stingray,Interactive,
two-oceans-aquarium,Two Oceans Aquarium,Cape Town,South Africa,8,template:generic_aquarium,Shark,1,animal,template,shark,Hero tank,
two-oceans-aquarium,Two Oceans Aquarium,Cape Town,South Africa,8,template:generic_aquarium,Tunnel / underwater walk,1,experience,template,,Signature aquarium moment,
two-oceans-aquarium,Two Oceans Aquarium,Cape Town,South Africa,8,template:generic_aquarium,Jellyfish,2,animal,template,jellyfish,Mesmerizing for toddlers,
two-oceans-aquarium,Two Oceans Aquarium,Cape Town,South Africa,8,template:generic_aquarium,Octopus,2,animal,template,octopus,Hide-and-seek fun,
two-oceans-aquarium,Two Oceans Aquarium,Cape Town,South Africa,8,template:generic_aquarium,Penguin (if present),2,animal,template,african-penguin,Many aquariums have them,
two-oceans-aquarium,Two Oceans Aquarium,Cape Town,South Africa,8,template:generic_aquarium,Sea turtle,2,animal,template,sea-turtle,Easy ID,
two-oceans-aquarium,Two Oceans Aquarium,Cape Town,South Africa,8,template:generic_aquarium,Clownfish / reef,3,animal,template,clownfish,Color pop,
two-oceans-aquarium,Two Oceans Aquarium,Cape Town,South Africa,8,template:generic_aquarium,Seahorse,3,animal,template,seahorse,Small find challenge,
johannesburg-zoo,Johannesburg Zoo,Johannesburg,South Africa,8,template:generic_zoo,Elephant,1,animal,template,african-elephant,"Large, memorable; confirm African vs Asian",
johannesburg-zoo,Johannesburg Zoo,Johannesburg,South Africa,8,template:generic_zoo,Giraffe,1,animal,template,reticulated-giraffe,"Tall, easy for kids to spot",
johannesburg-zoo,Johannesburg Zoo,Johannesburg,South Africa,8,template:generic_zoo,Lion,1,animal,template,african-lion,Iconic big cat; often near savanna,
johannesburg-zoo,Johannesburg Zoo,Johannesburg,South Africa,8,template:generic_zoo,Children's zoo / farm,2,zone,template,,Rest + little kids reset,
johannesburg-zoo,Johannesburg Zoo,Johannesburg,South Africa,8,template:generic_zoo,Gorilla or large ape,2,animal,template,western-lowland-gorilla,Primate house highlight,
johannesburg-zoo,Johannesburg Zoo,Johannesburg,South Africa,8,template:generic_zoo,Penguin,2,animal,template,african-penguin,"Active, kid magnet",
johannesburg-zoo,Johannesburg Zoo,Johannesburg,South Africa,8,template:generic_zoo,Tiger,2,animal,template,sumatran-tiger,Stripes; popular photo stop,
johannesburg-zoo,Johannesburg Zoo,Johannesburg,South Africa,8,template:generic_zoo,Otter,3,animal,template,asian-small-clawed-otter,Active water play,
johannesburg-zoo,Johannesburg Zoo,Johannesburg,South Africa,8,template:generic_zoo,Playground / splash if open,3,experience,template,,Energy burn between animals,
johannesburg-zoo,Johannesburg Zoo,Johannesburg,South Africa,8,template:generic_zoo,Red panda,3,animal,template,red-panda,Cute climber; not giant panda,
johannesburg-zoo,Johannesburg Zoo,Johannesburg,South Africa,8,template:generic_zoo,Zebra,3,animal,template,zebra,Pattern hunt,
johannesburg-zoo,Johannesburg Zoo,Johannesburg,South Africa,8,template:generic_zoo,Tortoise,4,animal,template,galapagos-tortoise,"Slow, close views",
lotte-aquarium-seoul,Lotte World Aquarium,Seoul,South Korea,8,template:generic_aquarium,Ray / touch pool if open,1,animal,template,stingray,Interactive,
lotte-aquarium-seoul,Lotte World Aquarium,Seoul,South Korea,8,template:generic_aquarium,Shark,1,animal,template,shark,Hero tank,
lotte-aquarium-seoul,Lotte World Aquarium,Seoul,South Korea,8,template:generic_aquarium,Tunnel / underwater walk,1,experience,template,,Signature aquarium moment,
lotte-aquarium-seoul,Lotte World Aquarium,Seoul,South Korea,8,template:generic_aquarium,Jellyfish,2,animal,template,jellyfish,Mesmerizing for toddlers,
lotte-aquarium-seoul,Lotte World Aquarium,Seoul,South Korea,8,template:generic_aquarium,Octopus,2,animal,template,octopus,Hide-and-seek fun,
lotte-aquarium-seoul,Lotte World Aquarium,Seoul,South Korea,8,template:generic_aquarium,Penguin (if present),2,animal,template,african-penguin,Many aquariums have them,
lotte-aquarium-seoul,Lotte World Aquarium,Seoul,South Korea,8,template:generic_aquarium,Sea turtle,2,animal,template,sea-turtle,Easy ID,
lotte-aquarium-seoul,Lotte World Aquarium,Seoul,South Korea,8,template:generic_aquarium,Clownfish / reef,3,animal,template,clownfish,Color pop,
lotte-aquarium-seoul,Lotte World Aquarium,Seoul,South Korea,8,template:generic_aquarium,Seahorse,3,animal,template,seahorse,Small find challenge,
seoul-zoo,Seoul Grand Park Zoo,Seoul,South Korea,8,template:generic_zoo,Elephant,1,animal,template,african-elephant,"Large, memorable; confirm African vs Asian",
seoul-zoo,Seoul Grand Park Zoo,Seoul,South Korea,8,template:generic_zoo,Giraffe,1,animal,template,reticulated-giraffe,"Tall, easy for kids to spot",
seoul-zoo,Seoul Grand Park Zoo,Seoul,South Korea,8,template:generic_zoo,Lion,1,animal,template,african-lion,Iconic big cat; often near savanna,
seoul-zoo,Seoul Grand Park Zoo,Seoul,South Korea,8,template:generic_zoo,Children's zoo / farm,2,zone,template,,Rest + little kids reset,
seoul-zoo,Seoul Grand Park Zoo,Seoul,South Korea,8,template:generic_zoo,Gorilla or large ape,2,animal,template,western-lowland-gorilla,Primate house highlight,
seoul-zoo,Seoul Grand Park Zoo,Seoul,South Korea,8,template:generic_zoo,Penguin,2,animal,template,african-penguin,"Active, kid magnet",
seoul-zoo,Seoul Grand Park Zoo,Seoul,South Korea,8,template:generic_zoo,Tiger,2,animal,template,sumatran-tiger,Stripes; popular photo stop,
seoul-zoo,Seoul Grand Park Zoo,Seoul,South Korea,8,template:generic_zoo,Otter,3,animal,template,asian-small-clawed-otter,Active water play,
seoul-zoo,Seoul Grand Park Zoo,Seoul,South Korea,8,template:generic_zoo,Playground / splash if open,3,experience,template,,Energy burn between animals,
seoul-zoo,Seoul Grand Park Zoo,Seoul,South Korea,8,template:generic_zoo,Red panda,3,animal,template,red-panda,Cute climber; not giant panda,
seoul-zoo,Seoul Grand Park Zoo,Seoul,South Korea,8,template:generic_zoo,Zebra,3,animal,template,zebra,Pattern hunt,
seoul-zoo,Seoul Grand Park Zoo,Seoul,South Korea,8,template:generic_zoo,Tortoise,4,animal,template,galapagos-tortoise,"Slow, close views",
barcelona-zoo,Barcelona Zoo,Barcelona,Spain,8,template:generic_zoo,Elephant,1,animal,template,african-elephant,"Large, memorable; confirm African vs Asian",
barcelona-zoo,Barcelona Zoo,Barcelona,Spain,8,template:generic_zoo,Giraffe,1,animal,template,reticulated-giraffe,"Tall, easy for kids to spot",
barcelona-zoo,Barcelona Zoo,Barcelona,Spain,8,template:generic_zoo,Lion,1,animal,template,african-lion,Iconic big cat; often near savanna,
barcelona-zoo,Barcelona Zoo,Barcelona,Spain,8,template:generic_zoo,Children's zoo / farm,2,zone,template,,Rest + little kids reset,
barcelona-zoo,Barcelona Zoo,Barcelona,Spain,8,template:generic_zoo,Gorilla or large ape,2,animal,template,western-lowland-gorilla,Primate house highlight,
barcelona-zoo,Barcelona Zoo,Barcelona,Spain,8,template:generic_zoo,Penguin,2,animal,template,african-penguin,"Active, kid magnet",
barcelona-zoo,Barcelona Zoo,Barcelona,Spain,8,template:generic_zoo,Tiger,2,animal,template,sumatran-tiger,Stripes; popular photo stop,
barcelona-zoo,Barcelona Zoo,Barcelona,Spain,8,template:generic_zoo,Otter,3,animal,template,asian-small-clawed-otter,Active water play,
barcelona-zoo,Barcelona Zoo,Barcelona,Spain,8,template:generic_zoo,Playground / splash if open,3,experience,template,,Energy burn between animals,
barcelona-zoo,Barcelona Zoo,Barcelona,Spain,8,template:generic_zoo,Red panda,3,animal,template,red-panda,Cute climber; not giant panda,
barcelona-zoo,Barcelona Zoo,Barcelona,Spain,8,template:generic_zoo,Zebra,3,animal,template,zebra,Pattern hunt,
barcelona-zoo,Barcelona Zoo,Barcelona,Spain,8,template:generic_zoo,Tortoise,4,animal,template,galapagos-tortoise,"Slow, close views",
madrid-zoo,Madrid Zoo Aquarium,Madrid,Spain,8,template:generic_zoo,Elephant,1,animal,template,african-elephant,"Large, memorable; confirm African vs Asian",
madrid-zoo,Madrid Zoo Aquarium,Madrid,Spain,8,template:generic_zoo,Giraffe,1,animal,template,reticulated-giraffe,"Tall, easy for kids to spot",
madrid-zoo,Madrid Zoo Aquarium,Madrid,Spain,8,template:generic_zoo,Lion,1,animal,template,african-lion,Iconic big cat; often near savanna,
madrid-zoo,Madrid Zoo Aquarium,Madrid,Spain,8,template:generic_zoo,Children's zoo / farm,2,zone,template,,Rest + little kids reset,
madrid-zoo,Madrid Zoo Aquarium,Madrid,Spain,8,template:generic_zoo,Gorilla or large ape,2,animal,template,western-lowland-gorilla,Primate house highlight,
madrid-zoo,Madrid Zoo Aquarium,Madrid,Spain,8,template:generic_zoo,Penguin,2,animal,template,african-penguin,"Active, kid magnet",
madrid-zoo,Madrid Zoo Aquarium,Madrid,Spain,8,template:generic_zoo,Tiger,2,animal,template,sumatran-tiger,Stripes; popular photo stop,
madrid-zoo,Madrid Zoo Aquarium,Madrid,Spain,8,template:generic_zoo,Otter,3,animal,template,asian-small-clawed-otter,Active water play,
madrid-zoo,Madrid Zoo Aquarium,Madrid,Spain,8,template:generic_zoo,Playground / splash if open,3,experience,template,,Energy burn between animals,
madrid-zoo,Madrid Zoo Aquarium,Madrid,Spain,8,template:generic_zoo,Red panda,3,animal,template,red-panda,Cute climber; not giant panda,
madrid-zoo,Madrid Zoo Aquarium,Madrid,Spain,8,template:generic_zoo,Zebra,3,animal,template,zebra,Pattern hunt,
madrid-zoo,Madrid Zoo Aquarium,Madrid,Spain,8,template:generic_zoo,Tortoise,4,animal,template,galapagos-tortoise,"Slow, close views",
stockholm-skansen,Skansen,Stockholm,Sweden,8,template:generic_zoo,Elephant,1,animal,template,african-elephant,"Large, memorable; confirm African vs Asian",
stockholm-skansen,Skansen,Stockholm,Sweden,8,template:generic_zoo,Giraffe,1,animal,template,reticulated-giraffe,"Tall, easy for kids to spot",
stockholm-skansen,Skansen,Stockholm,Sweden,8,template:generic_zoo,Lion,1,animal,template,african-lion,Iconic big cat; often near savanna,
stockholm-skansen,Skansen,Stockholm,Sweden,8,template:generic_zoo,Children's zoo / farm,2,zone,template,,Rest + little kids reset,
stockholm-skansen,Skansen,Stockholm,Sweden,8,template:generic_zoo,Gorilla or large ape,2,animal,template,western-lowland-gorilla,Primate house highlight,
stockholm-skansen,Skansen,Stockholm,Sweden,8,template:generic_zoo,Penguin,2,animal,template,african-penguin,"Active, kid magnet",
stockholm-skansen,Skansen,Stockholm,Sweden,8,template:generic_zoo,Tiger,2,animal,template,sumatran-tiger,Stripes; popular photo stop,
stockholm-skansen,Skansen,Stockholm,Sweden,8,template:generic_zoo,Otter,3,animal,template,asian-small-clawed-otter,Active water play,
stockholm-skansen,Skansen,Stockholm,Sweden,8,template:generic_zoo,Playground / splash if open,3,experience,template,,Energy burn between animals,
stockholm-skansen,Skansen,Stockholm,Sweden,8,template:generic_zoo,Red panda,3,animal,template,red-panda,Cute climber; not giant panda,
stockholm-skansen,Skansen,Stockholm,Sweden,8,template:generic_zoo,Zebra,3,animal,template,zebra,Pattern hunt,
stockholm-skansen,Skansen,Stockholm,Sweden,8,template:generic_zoo,Tortoise,4,animal,template,galapagos-tortoise,"Slow, close views",
zurich-zoo,Zurich Zoo,Zurich,Switzerland,8,template:generic_zoo,Elephant,1,animal,template,african-elephant,"Large, memorable; confirm African vs Asian",
zurich-zoo,Zurich Zoo,Zurich,Switzerland,8,template:generic_zoo,Giraffe,1,animal,template,reticulated-giraffe,"Tall, easy for kids to spot",
zurich-zoo,Zurich Zoo,Zurich,Switzerland,8,template:generic_zoo,Lion,1,animal,template,african-lion,Iconic big cat; often near savanna,
zurich-zoo,Zurich Zoo,Zurich,Switzerland,8,template:generic_zoo,Children's zoo / farm,2,zone,template,,Rest + little kids reset,
zurich-zoo,Zurich Zoo,Zurich,Switzerland,8,template:generic_zoo,Gorilla or large ape,2,animal,template,western-lowland-gorilla,Primate house highlight,
zurich-zoo,Zurich Zoo,Zurich,Switzerland,8,template:generic_zoo,Penguin,2,animal,template,african-penguin,"Active, kid magnet",
zurich-zoo,Zurich Zoo,Zurich,Switzerland,8,template:generic_zoo,Tiger,2,animal,template,sumatran-tiger,Stripes; popular photo stop,
zurich-zoo,Zurich Zoo,Zurich,Switzerland,8,template:generic_zoo,Otter,3,animal,template,asian-small-clawed-otter,Active water play,
zurich-zoo,Zurich Zoo,Zurich,Switzerland,8,template:generic_zoo,Playground / splash if open,3,experience,template,,Energy burn between animals,
zurich-zoo,Zurich Zoo,Zurich,Switzerland,8,template:generic_zoo,Red panda,3,animal,template,red-panda,Cute climber; not giant panda,
zurich-zoo,Zurich Zoo,Zurich,Switzerland,8,template:generic_zoo,Zebra,3,animal,template,zebra,Pattern hunt,
zurich-zoo,Zurich Zoo,Zurich,Switzerland,8,template:generic_zoo,Tortoise,4,animal,template,galapagos-tortoise,"Slow, close views",
taipei-zoo,Taipei Zoo,Taipei,Taiwan,8,template:generic_zoo,Elephant,1,animal,template,african-elephant,"Large, memorable; confirm African vs Asian",
taipei-zoo,Taipei Zoo,Taipei,Taiwan,8,template:generic_zoo,Giraffe,1,animal,template,reticulated-giraffe,"Tall, easy for kids to spot",
taipei-zoo,Taipei Zoo,Taipei,Taiwan,8,template:generic_zoo,Lion,1,animal,template,african-lion,Iconic big cat; often near savanna,
taipei-zoo,Taipei Zoo,Taipei,Taiwan,8,template:generic_zoo,Children's zoo / farm,2,zone,template,,Rest + little kids reset,
taipei-zoo,Taipei Zoo,Taipei,Taiwan,8,template:generic_zoo,Gorilla or large ape,2,animal,template,western-lowland-gorilla,Primate house highlight,
taipei-zoo,Taipei Zoo,Taipei,Taiwan,8,template:generic_zoo,Penguin,2,animal,template,african-penguin,"Active, kid magnet",
taipei-zoo,Taipei Zoo,Taipei,Taiwan,8,template:generic_zoo,Tiger,2,animal,template,sumatran-tiger,Stripes; popular photo stop,
taipei-zoo,Taipei Zoo,Taipei,Taiwan,8,template:generic_zoo,Otter,3,animal,template,asian-small-clawed-otter,Active water play,
taipei-zoo,Taipei Zoo,Taipei,Taiwan,8,template:generic_zoo,Playground / splash if open,3,experience,template,,Energy burn between animals,
taipei-zoo,Taipei Zoo,Taipei,Taiwan,8,template:generic_zoo,Red panda,3,animal,template,red-panda,Cute climber; not giant panda,
taipei-zoo,Taipei Zoo,Taipei,Taiwan,8,template:generic_zoo,Zebra,3,animal,template,zebra,Pattern hunt,
taipei-zoo,Taipei Zoo,Taipei,Taiwan,8,template:generic_zoo,Tortoise,4,animal,template,galapagos-tortoise,"Slow, close views",
bangkok-safari-world,Safari World Bangkok,Bangkok,Thailand,8,template:generic_safari,Elephant,1,animal,template,african-elephant,,
bangkok-safari-world,Safari World Bangkok,Bangkok,Thailand,8,template:generic_safari,Giraffe,1,animal,template,reticulated-giraffe,,
bangkok-safari-world,Safari World Bangkok,Bangkok,Thailand,8,template:generic_safari,Lion,1,animal,template,african-lion,,
bangkok-safari-world,Safari World Bangkok,Bangkok,Thailand,8,template:generic_safari,Tram / drive-through,1,experience,template,,Core safari format,
bangkok-safari-world,Safari World Bangkok,Bangkok,Thailand,8,template:generic_safari,Cheetah or fast cat,2,animal,template,cheetah,,
bangkok-safari-world,Safari World Bangkok,Bangkok,Thailand,8,template:generic_safari,Rhino (if present),2,animal,template,,,Confirm species/presence
bangkok-safari-world,Safari World Bangkok,Bangkok,Thailand,8,template:generic_safari,Zebra,2,animal,template,zebra,,
istanbul-aquarium,Istanbul Aquarium,Istanbul,Türkiye,8,template:generic_aquarium,Ray / touch pool if open,1,animal,template,stingray,Interactive,
istanbul-aquarium,Istanbul Aquarium,Istanbul,Türkiye,8,template:generic_aquarium,Shark,1,animal,template,shark,Hero tank,
istanbul-aquarium,Istanbul Aquarium,Istanbul,Türkiye,8,template:generic_aquarium,Tunnel / underwater walk,1,experience,template,,Signature aquarium moment,
istanbul-aquarium,Istanbul Aquarium,Istanbul,Türkiye,8,template:generic_aquarium,Jellyfish,2,animal,template,jellyfish,Mesmerizing for toddlers,
istanbul-aquarium,Istanbul Aquarium,Istanbul,Türkiye,8,template:generic_aquarium,Octopus,2,animal,template,octopus,Hide-and-seek fun,
istanbul-aquarium,Istanbul Aquarium,Istanbul,Türkiye,8,template:generic_aquarium,Penguin (if present),2,animal,template,african-penguin,Many aquariums have them,
istanbul-aquarium,Istanbul Aquarium,Istanbul,Türkiye,8,template:generic_aquarium,Sea turtle,2,animal,template,sea-turtle,Easy ID,
istanbul-aquarium,Istanbul Aquarium,Istanbul,Türkiye,8,template:generic_aquarium,Clownfish / reef,3,animal,template,clownfish,Color pop,
istanbul-aquarium,Istanbul Aquarium,Istanbul,Türkiye,8,template:generic_aquarium,Seahorse,3,animal,template,seahorse,Small find challenge,
al-ain-zoo,Al Ain Zoo,Al Ain,United Arab Emirates,8,template:generic_zoo,Elephant,1,animal,template,african-elephant,"Large, memorable; confirm African vs Asian",
al-ain-zoo,Al Ain Zoo,Al Ain,United Arab Emirates,8,template:generic_zoo,Giraffe,1,animal,template,reticulated-giraffe,"Tall, easy for kids to spot",
al-ain-zoo,Al Ain Zoo,Al Ain,United Arab Emirates,8,template:generic_zoo,Lion,1,animal,template,african-lion,Iconic big cat; often near savanna,
al-ain-zoo,Al Ain Zoo,Al Ain,United Arab Emirates,8,template:generic_zoo,Children's zoo / farm,2,zone,template,,Rest + little kids reset,
al-ain-zoo,Al Ain Zoo,Al Ain,United Arab Emirates,8,template:generic_zoo,Gorilla or large ape,2,animal,template,western-lowland-gorilla,Primate house highlight,
al-ain-zoo,Al Ain Zoo,Al Ain,United Arab Emirates,8,template:generic_zoo,Penguin,2,animal,template,african-penguin,"Active, kid magnet",
al-ain-zoo,Al Ain Zoo,Al Ain,United Arab Emirates,8,template:generic_zoo,Tiger,2,animal,template,sumatran-tiger,Stripes; popular photo stop,
al-ain-zoo,Al Ain Zoo,Al Ain,United Arab Emirates,8,template:generic_zoo,Otter,3,animal,template,asian-small-clawed-otter,Active water play,
al-ain-zoo,Al Ain Zoo,Al Ain,United Arab Emirates,8,template:generic_zoo,Playground / splash if open,3,experience,template,,Energy burn between animals,
al-ain-zoo,Al Ain Zoo,Al Ain,United Arab Emirates,8,template:generic_zoo,Red panda,3,animal,template,red-panda,Cute climber; not giant panda,
al-ain-zoo,Al Ain Zoo,Al Ain,United Arab Emirates,8,template:generic_zoo,Zebra,3,animal,template,zebra,Pattern hunt,
al-ain-zoo,Al Ain Zoo,Al Ain,United Arab Emirates,8,template:generic_zoo,Tortoise,4,animal,template,galapagos-tortoise,"Slow, close views",
dubai-aquarium,Dubai Aquarium & Underwater Zoo,Dubai,United Arab Emirates,8,template:generic_aquarium,Ray / touch pool if open,1,animal,template,stingray,Interactive,
dubai-aquarium,Dubai Aquarium & Underwater Zoo,Dubai,United Arab Emirates,8,template:generic_aquarium,Shark,1,animal,template,shark,Hero tank,
dubai-aquarium,Dubai Aquarium & Underwater Zoo,Dubai,United Arab Emirates,8,template:generic_aquarium,Tunnel / underwater walk,1,experience,template,,Signature aquarium moment,
dubai-aquarium,Dubai Aquarium & Underwater Zoo,Dubai,United Arab Emirates,8,template:generic_aquarium,Jellyfish,2,animal,template,jellyfish,Mesmerizing for toddlers,
dubai-aquarium,Dubai Aquarium & Underwater Zoo,Dubai,United Arab Emirates,8,template:generic_aquarium,Octopus,2,animal,template,octopus,Hide-and-seek fun,
dubai-aquarium,Dubai Aquarium & Underwater Zoo,Dubai,United Arab Emirates,8,template:generic_aquarium,Penguin (if present),2,animal,template,african-penguin,Many aquariums have them,
dubai-aquarium,Dubai Aquarium & Underwater Zoo,Dubai,United Arab Emirates,8,template:generic_aquarium,Sea turtle,2,animal,template,sea-turtle,Easy ID,
dubai-aquarium,Dubai Aquarium & Underwater Zoo,Dubai,United Arab Emirates,8,template:generic_aquarium,Clownfish / reef,3,animal,template,clownfish,Color pop,
dubai-aquarium,Dubai Aquarium & Underwater Zoo,Dubai,United Arab Emirates,8,template:generic_aquarium,Seahorse,3,animal,template,seahorse,Small find challenge,
albuquerque-biopark,ABQ BioPark Zoo,Albuquerque,United States,8,template:generic_zoo,Elephant,1,animal,template,african-elephant,"Large, memorable; confirm African vs Asian",
albuquerque-biopark,ABQ BioPark Zoo,Albuquerque,United States,8,template:generic_zoo,Giraffe,1,animal,template,reticulated-giraffe,"Tall, easy for kids to spot",
albuquerque-biopark,ABQ BioPark Zoo,Albuquerque,United States,8,template:generic_zoo,Lion,1,animal,template,african-lion,Iconic big cat; often near savanna,
albuquerque-biopark,ABQ BioPark Zoo,Albuquerque,United States,8,template:generic_zoo,Children's zoo / farm,2,zone,template,,Rest + little kids reset,
albuquerque-biopark,ABQ BioPark Zoo,Albuquerque,United States,8,template:generic_zoo,Gorilla or large ape,2,animal,template,western-lowland-gorilla,Primate house highlight,
albuquerque-biopark,ABQ BioPark Zoo,Albuquerque,United States,8,template:generic_zoo,Penguin,2,animal,template,african-penguin,"Active, kid magnet",
albuquerque-biopark,ABQ BioPark Zoo,Albuquerque,United States,8,template:generic_zoo,Tiger,2,animal,template,sumatran-tiger,Stripes; popular photo stop,
albuquerque-biopark,ABQ BioPark Zoo,Albuquerque,United States,8,template:generic_zoo,Otter,3,animal,template,asian-small-clawed-otter,Active water play,
albuquerque-biopark,ABQ BioPark Zoo,Albuquerque,United States,8,template:generic_zoo,Playground / splash if open,3,experience,template,,Energy burn between animals,
albuquerque-biopark,ABQ BioPark Zoo,Albuquerque,United States,8,template:generic_zoo,Red panda,3,animal,template,red-panda,Cute climber; not giant panda,
albuquerque-biopark,ABQ BioPark Zoo,Albuquerque,United States,8,template:generic_zoo,Zebra,3,animal,template,zebra,Pattern hunt,
albuquerque-biopark,ABQ BioPark Zoo,Albuquerque,United States,8,template:generic_zoo,Tortoise,4,animal,template,galapagos-tortoise,"Slow, close views",
minnesota-zoo,Minnesota Zoo,Apple Valley,United States,8,template:generic_zoo,Elephant,1,animal,template,african-elephant,"Large, memorable; confirm African vs Asian",
minnesota-zoo,Minnesota Zoo,Apple Valley,United States,8,template:generic_zoo,Giraffe,1,animal,template,reticulated-giraffe,"Tall, easy for kids to spot",
minnesota-zoo,Minnesota Zoo,Apple Valley,United States,8,template:generic_zoo,Lion,1,animal,template,african-lion,Iconic big cat; often near savanna,
minnesota-zoo,Minnesota Zoo,Apple Valley,United States,8,template:generic_zoo,Children's zoo / farm,2,zone,template,,Rest + little kids reset,
minnesota-zoo,Minnesota Zoo,Apple Valley,United States,8,template:generic_zoo,Gorilla or large ape,2,animal,template,western-lowland-gorilla,Primate house highlight,
minnesota-zoo,Minnesota Zoo,Apple Valley,United States,8,template:generic_zoo,Penguin,2,animal,template,african-penguin,"Active, kid magnet",
minnesota-zoo,Minnesota Zoo,Apple Valley,United States,8,template:generic_zoo,Tiger,2,animal,template,sumatran-tiger,Stripes; popular photo stop,
minnesota-zoo,Minnesota Zoo,Apple Valley,United States,8,template:generic_zoo,Otter,3,animal,template,asian-small-clawed-otter,Active water play,
minnesota-zoo,Minnesota Zoo,Apple Valley,United States,8,template:generic_zoo,Playground / splash if open,3,experience,template,,Energy burn between animals,
minnesota-zoo,Minnesota Zoo,Apple Valley,United States,8,template:generic_zoo,Red panda,3,animal,template,red-panda,Cute climber; not giant panda,
minnesota-zoo,Minnesota Zoo,Apple Valley,United States,8,template:generic_zoo,Zebra,3,animal,template,zebra,Pattern hunt,
minnesota-zoo,Minnesota Zoo,Apple Valley,United States,8,template:generic_zoo,Tortoise,4,animal,template,galapagos-tortoise,"Slow, close views",
north-carolina-zoo,North Carolina Zoo,Asheboro,United States,8,template:generic_zoo,Elephant,1,animal,template,african-elephant,"Large, memorable; confirm African vs Asian",
north-carolina-zoo,North Carolina Zoo,Asheboro,United States,8,template:generic_zoo,Giraffe,1,animal,template,reticulated-giraffe,"Tall, easy for kids to spot",
north-carolina-zoo,North Carolina Zoo,Asheboro,United States,8,template:generic_zoo,Lion,1,animal,template,african-lion,Iconic big cat; often near savanna,
north-carolina-zoo,North Carolina Zoo,Asheboro,United States,8,template:generic_zoo,Children's zoo / farm,2,zone,template,,Rest + little kids reset,
north-carolina-zoo,North Carolina Zoo,Asheboro,United States,8,template:generic_zoo,Gorilla or large ape,2,animal,template,western-lowland-gorilla,Primate house highlight,
north-carolina-zoo,North Carolina Zoo,Asheboro,United States,8,template:generic_zoo,Penguin,2,animal,template,african-penguin,"Active, kid magnet",
north-carolina-zoo,North Carolina Zoo,Asheboro,United States,8,template:generic_zoo,Tiger,2,animal,template,sumatran-tiger,Stripes; popular photo stop,
north-carolina-zoo,North Carolina Zoo,Asheboro,United States,8,template:generic_zoo,Otter,3,animal,template,asian-small-clawed-otter,Active water play,
north-carolina-zoo,North Carolina Zoo,Asheboro,United States,8,template:generic_zoo,Playground / splash if open,3,experience,template,,Energy burn between animals,
north-carolina-zoo,North Carolina Zoo,Asheboro,United States,8,template:generic_zoo,Red panda,3,animal,template,red-panda,Cute climber; not giant panda,
north-carolina-zoo,North Carolina Zoo,Asheboro,United States,8,template:generic_zoo,Zebra,3,animal,template,zebra,Pattern hunt,
north-carolina-zoo,North Carolina Zoo,Asheboro,United States,8,template:generic_zoo,Tortoise,4,animal,template,galapagos-tortoise,"Slow, close views",
austin-zoo,Austin Zoo,Austin,United States,5,template:generic_zoo,Elephant,1,animal,template,african-elephant,"Large, memorable; confirm African vs Asian",
austin-zoo,Austin Zoo,Austin,United States,5,template:generic_zoo,Giraffe,1,animal,template,reticulated-giraffe,"Tall, easy for kids to spot",
austin-zoo,Austin Zoo,Austin,United States,5,template:generic_zoo,Lion,1,animal,template,african-lion,Iconic big cat; often near savanna,
austin-zoo,Austin Zoo,Austin,United States,5,template:generic_zoo,Children's zoo / farm,2,zone,template,,Rest + little kids reset,
austin-zoo,Austin Zoo,Austin,United States,5,template:generic_zoo,Gorilla or large ape,2,animal,template,western-lowland-gorilla,Primate house highlight,
austin-zoo,Austin Zoo,Austin,United States,5,template:generic_zoo,Penguin,2,animal,template,african-penguin,"Active, kid magnet",
austin-zoo,Austin Zoo,Austin,United States,5,template:generic_zoo,Tiger,2,animal,template,sumatran-tiger,Stripes; popular photo stop,
austin-zoo,Austin Zoo,Austin,United States,5,template:generic_zoo,Otter,3,animal,template,asian-small-clawed-otter,Active water play,
austin-zoo,Austin Zoo,Austin,United States,5,template:generic_zoo,Playground / splash if open,3,experience,template,,Energy burn between animals,
austin-zoo,Austin Zoo,Austin,United States,5,template:generic_zoo,Red panda,3,animal,template,red-panda,Cute climber; not giant panda,
austin-zoo,Austin Zoo,Austin,United States,5,template:generic_zoo,Zebra,3,animal,template,zebra,Pattern hunt,
austin-zoo,Austin Zoo,Austin,United States,5,template:generic_zoo,Tortoise,4,animal,template,galapagos-tortoise,"Slow, close views",
national-aquarium-baltimore,National Aquarium,Baltimore,United States,8,template:generic_aquarium,Ray / touch pool if open,1,animal,template,stingray,Interactive,
national-aquarium-baltimore,National Aquarium,Baltimore,United States,8,template:generic_aquarium,Shark,1,animal,template,shark,Hero tank,
national-aquarium-baltimore,National Aquarium,Baltimore,United States,8,template:generic_aquarium,Tunnel / underwater walk,1,experience,template,,Signature aquarium moment,
national-aquarium-baltimore,National Aquarium,Baltimore,United States,8,template:generic_aquarium,Jellyfish,2,animal,template,jellyfish,Mesmerizing for toddlers,
national-aquarium-baltimore,National Aquarium,Baltimore,United States,8,template:generic_aquarium,Octopus,2,animal,template,octopus,Hide-and-seek fun,
national-aquarium-baltimore,National Aquarium,Baltimore,United States,8,template:generic_aquarium,Penguin (if present),2,animal,template,african-penguin,Many aquariums have them,
national-aquarium-baltimore,National Aquarium,Baltimore,United States,8,template:generic_aquarium,Sea turtle,2,animal,template,sea-turtle,Easy ID,
national-aquarium-baltimore,National Aquarium,Baltimore,United States,8,template:generic_aquarium,Clownfish / reef,3,animal,template,clownfish,Color pop,
national-aquarium-baltimore,National Aquarium,Baltimore,United States,8,template:generic_aquarium,Seahorse,3,animal,template,seahorse,Small find challenge,
museum-of-science-boston,Museum of Science,Boston,United States,8,template:generic_science,Dinosaur / fossil hall,1,exhibit,template,sci-dinosaur,,
museum-of-science-boston,Museum of Science,Boston,United States,8,template:generic_science,Hands-on lab / makerspace,1,exhibit,template,sci-hands-on,,
museum-of-science-boston,Museum of Science,Boston,United States,8,template:generic_science,Live animal / aquarium corner,2,exhibit,template,sci-aquarium-zone,,
museum-of-science-boston,Museum of Science,Boston,United States,8,template:generic_science,Outdoor play,2,zone,template,cm-outdoor,,
museum-of-science-boston,Museum of Science,Boston,United States,8,template:generic_science,Planet / space area,2,exhibit,template,sci-planet,,
museum-of-science-boston,Museum of Science,Boston,United States,8,template:generic_science,Toddler soft space,2,zone,template,cm-toddler-garden,,
new-england-aquarium,New England Aquarium,Boston,United States,5,template:generic_aquarium,Ray / touch pool if open,1,animal,template,stingray,Interactive,
new-england-aquarium,New England Aquarium,Boston,United States,5,template:generic_aquarium,Shark,1,animal,template,shark,Hero tank,
new-england-aquarium,New England Aquarium,Boston,United States,5,template:generic_aquarium,Tunnel / underwater walk,1,experience,template,,Signature aquarium moment,
new-england-aquarium,New England Aquarium,Boston,United States,5,template:generic_aquarium,Jellyfish,2,animal,template,jellyfish,Mesmerizing for toddlers,
new-england-aquarium,New England Aquarium,Boston,United States,5,template:generic_aquarium,Octopus,2,animal,template,octopus,Hide-and-seek fun,
new-england-aquarium,New England Aquarium,Boston,United States,5,template:generic_aquarium,Penguin (if present),2,animal,template,african-penguin,Many aquariums have them,
new-england-aquarium,New England Aquarium,Boston,United States,5,template:generic_aquarium,Sea turtle,2,animal,template,sea-turtle,Easy ID,
new-england-aquarium,New England Aquarium,Boston,United States,5,template:generic_aquarium,Clownfish / reef,3,animal,template,clownfish,Color pop,
new-england-aquarium,New England Aquarium,Boston,United States,5,template:generic_aquarium,Seahorse,3,animal,template,seahorse,Small find challenge,
discovery-place,Discovery Place Science,Charlotte,United States,8,template:generic_science,Dinosaur / fossil hall,1,exhibit,template,sci-dinosaur,,
discovery-place,Discovery Place Science,Charlotte,United States,8,template:generic_science,Hands-on lab / makerspace,1,exhibit,template,sci-hands-on,,
discovery-place,Discovery Place Science,Charlotte,United States,8,template:generic_science,Live animal / aquarium corner,2,exhibit,template,sci-aquarium-zone,,
discovery-place,Discovery Place Science,Charlotte,United States,8,template:generic_science,Outdoor play,2,zone,template,cm-outdoor,,
discovery-place,Discovery Place Science,Charlotte,United States,8,template:generic_science,Planet / space area,2,exhibit,template,sci-planet,,
discovery-place,Discovery Place Science,Charlotte,United States,8,template:generic_science,Toddler soft space,2,zone,template,cm-toddler-garden,,
field-museum,Field Museum,Chicago,United States,5,template:generic_science,Dinosaur / fossil hall,1,exhibit,template,sci-dinosaur,,
field-museum,Field Museum,Chicago,United States,5,template:generic_science,Hands-on lab / makerspace,1,exhibit,template,sci-hands-on,,
field-museum,Field Museum,Chicago,United States,5,template:generic_science,Live animal / aquarium corner,2,exhibit,template,sci-aquarium-zone,,
field-museum,Field Museum,Chicago,United States,5,template:generic_science,Outdoor play,2,zone,template,cm-outdoor,,
field-museum,Field Museum,Chicago,United States,5,template:generic_science,Planet / space area,2,exhibit,template,sci-planet,,
field-museum,Field Museum,Chicago,United States,5,template:generic_science,Toddler soft space,2,zone,template,cm-toddler-garden,,
lincoln-park-zoo,Lincoln Park Zoo,Chicago,United States,8,template:generic_zoo,Elephant,1,animal,template,african-elephant,"Large, memorable; confirm African vs Asian",
lincoln-park-zoo,Lincoln Park Zoo,Chicago,United States,8,template:generic_zoo,Giraffe,1,animal,template,reticulated-giraffe,"Tall, easy for kids to spot",
lincoln-park-zoo,Lincoln Park Zoo,Chicago,United States,8,template:generic_zoo,Lion,1,animal,template,african-lion,Iconic big cat; often near savanna,
lincoln-park-zoo,Lincoln Park Zoo,Chicago,United States,8,template:generic_zoo,Children's zoo / farm,2,zone,template,,Rest + little kids reset,
lincoln-park-zoo,Lincoln Park Zoo,Chicago,United States,8,template:generic_zoo,Gorilla or large ape,2,animal,template,western-lowland-gorilla,Primate house highlight,
lincoln-park-zoo,Lincoln Park Zoo,Chicago,United States,8,template:generic_zoo,Penguin,2,animal,template,african-penguin,"Active, kid magnet",
lincoln-park-zoo,Lincoln Park Zoo,Chicago,United States,8,template:generic_zoo,Tiger,2,animal,template,sumatran-tiger,Stripes; popular photo stop,
lincoln-park-zoo,Lincoln Park Zoo,Chicago,United States,8,template:generic_zoo,Otter,3,animal,template,asian-small-clawed-otter,Active water play,
lincoln-park-zoo,Lincoln Park Zoo,Chicago,United States,8,template:generic_zoo,Playground / splash if open,3,experience,template,,Energy burn between animals,
lincoln-park-zoo,Lincoln Park Zoo,Chicago,United States,8,template:generic_zoo,Red panda,3,animal,template,red-panda,Cute climber; not giant panda,
lincoln-park-zoo,Lincoln Park Zoo,Chicago,United States,8,template:generic_zoo,Zebra,3,animal,template,zebra,Pattern hunt,
lincoln-park-zoo,Lincoln Park Zoo,Chicago,United States,8,template:generic_zoo,Tortoise,4,animal,template,galapagos-tortoise,"Slow, close views",
museum-of-science-industry-chi,Museum of Science and Industry,Chicago,United States,8,template:generic_science,Dinosaur / fossil hall,1,exhibit,template,sci-dinosaur,,
museum-of-science-industry-chi,Museum of Science and Industry,Chicago,United States,8,template:generic_science,Hands-on lab / makerspace,1,exhibit,template,sci-hands-on,,
museum-of-science-industry-chi,Museum of Science and Industry,Chicago,United States,8,template:generic_science,Live animal / aquarium corner,2,exhibit,template,sci-aquarium-zone,,
museum-of-science-industry-chi,Museum of Science and Industry,Chicago,United States,8,template:generic_science,Outdoor play,2,zone,template,cm-outdoor,,
museum-of-science-industry-chi,Museum of Science and Industry,Chicago,United States,8,template:generic_science,Planet / space area,2,exhibit,template,sci-planet,,
museum-of-science-industry-chi,Museum of Science and Industry,Chicago,United States,8,template:generic_science,Toddler soft space,2,zone,template,cm-toddler-garden,,
cincinnati-zoo,Cincinnati Zoo & Botanical Garden,Cincinnati,United States,8,template:generic_zoo,Elephant,1,animal,template,african-elephant,"Large, memorable; confirm African vs Asian",
cincinnati-zoo,Cincinnati Zoo & Botanical Garden,Cincinnati,United States,8,template:generic_zoo,Giraffe,1,animal,template,reticulated-giraffe,"Tall, easy for kids to spot",
cincinnati-zoo,Cincinnati Zoo & Botanical Garden,Cincinnati,United States,8,template:generic_zoo,Lion,1,animal,template,african-lion,Iconic big cat; often near savanna,
cincinnati-zoo,Cincinnati Zoo & Botanical Garden,Cincinnati,United States,8,template:generic_zoo,Children's zoo / farm,2,zone,template,,Rest + little kids reset,
cincinnati-zoo,Cincinnati Zoo & Botanical Garden,Cincinnati,United States,8,template:generic_zoo,Gorilla or large ape,2,animal,template,western-lowland-gorilla,Primate house highlight,
cincinnati-zoo,Cincinnati Zoo & Botanical Garden,Cincinnati,United States,8,template:generic_zoo,Penguin,2,animal,template,african-penguin,"Active, kid magnet",
cincinnati-zoo,Cincinnati Zoo & Botanical Garden,Cincinnati,United States,8,template:generic_zoo,Tiger,2,animal,template,sumatran-tiger,Stripes; popular photo stop,
cincinnati-zoo,Cincinnati Zoo & Botanical Garden,Cincinnati,United States,8,template:generic_zoo,Otter,3,animal,template,asian-small-clawed-otter,Active water play,
cincinnati-zoo,Cincinnati Zoo & Botanical Garden,Cincinnati,United States,8,template:generic_zoo,Playground / splash if open,3,experience,template,,Energy burn between animals,
cincinnati-zoo,Cincinnati Zoo & Botanical Garden,Cincinnati,United States,8,template:generic_zoo,Red panda,3,animal,template,red-panda,Cute climber; not giant panda,
cincinnati-zoo,Cincinnati Zoo & Botanical Garden,Cincinnati,United States,8,template:generic_zoo,Zebra,3,animal,template,zebra,Pattern hunt,
cincinnati-zoo,Cincinnati Zoo & Botanical Garden,Cincinnati,United States,8,template:generic_zoo,Tortoise,4,animal,template,galapagos-tortoise,"Slow, close views",
cleveland-metroparks-zoo,Cleveland Metroparks Zoo,Cleveland,United States,8,template:generic_zoo,Elephant,1,animal,template,african-elephant,"Large, memorable; confirm African vs Asian",
cleveland-metroparks-zoo,Cleveland Metroparks Zoo,Cleveland,United States,8,template:generic_zoo,Giraffe,1,animal,template,reticulated-giraffe,"Tall, easy for kids to spot",
cleveland-metroparks-zoo,Cleveland Metroparks Zoo,Cleveland,United States,8,template:generic_zoo,Lion,1,animal,template,african-lion,Iconic big cat; often near savanna,
cleveland-metroparks-zoo,Cleveland Metroparks Zoo,Cleveland,United States,8,template:generic_zoo,Children's zoo / farm,2,zone,template,,Rest + little kids reset,
cleveland-metroparks-zoo,Cleveland Metroparks Zoo,Cleveland,United States,8,template:generic_zoo,Gorilla or large ape,2,animal,template,western-lowland-gorilla,Primate house highlight,
cleveland-metroparks-zoo,Cleveland Metroparks Zoo,Cleveland,United States,8,template:generic_zoo,Penguin,2,animal,template,african-penguin,"Active, kid magnet",
cleveland-metroparks-zoo,Cleveland Metroparks Zoo,Cleveland,United States,8,template:generic_zoo,Tiger,2,animal,template,sumatran-tiger,Stripes; popular photo stop,
cleveland-metroparks-zoo,Cleveland Metroparks Zoo,Cleveland,United States,8,template:generic_zoo,Otter,3,animal,template,asian-small-clawed-otter,Active water play,
cleveland-metroparks-zoo,Cleveland Metroparks Zoo,Cleveland,United States,8,template:generic_zoo,Playground / splash if open,3,experience,template,,Energy burn between animals,
cleveland-metroparks-zoo,Cleveland Metroparks Zoo,Cleveland,United States,8,template:generic_zoo,Red panda,3,animal,template,red-panda,Cute climber; not giant panda,
cleveland-metroparks-zoo,Cleveland Metroparks Zoo,Cleveland,United States,8,template:generic_zoo,Zebra,3,animal,template,zebra,Pattern hunt,
cleveland-metroparks-zoo,Cleveland Metroparks Zoo,Cleveland,United States,8,template:generic_zoo,Tortoise,4,animal,template,galapagos-tortoise,"Slow, close views",
childrens-aquarium-dallas,Children's Aquarium Dallas,Dallas,United States,5,template:generic_aquarium,Ray / touch pool if open,1,animal,template,stingray,Interactive,
childrens-aquarium-dallas,Children's Aquarium Dallas,Dallas,United States,5,template:generic_aquarium,Shark,1,animal,template,shark,Hero tank,
childrens-aquarium-dallas,Children's Aquarium Dallas,Dallas,United States,5,template:generic_aquarium,Tunnel / underwater walk,1,experience,template,,Signature aquarium moment,
childrens-aquarium-dallas,Children's Aquarium Dallas,Dallas,United States,5,template:generic_aquarium,Jellyfish,2,animal,template,jellyfish,Mesmerizing for toddlers,
childrens-aquarium-dallas,Children's Aquarium Dallas,Dallas,United States,5,template:generic_aquarium,Octopus,2,animal,template,octopus,Hide-and-seek fun,
childrens-aquarium-dallas,Children's Aquarium Dallas,Dallas,United States,5,template:generic_aquarium,Penguin (if present),2,animal,template,african-penguin,Many aquariums have them,
childrens-aquarium-dallas,Children's Aquarium Dallas,Dallas,United States,5,template:generic_aquarium,Sea turtle,2,animal,template,sea-turtle,Easy ID,
childrens-aquarium-dallas,Children's Aquarium Dallas,Dallas,United States,5,template:generic_aquarium,Clownfish / reef,3,animal,template,clownfish,Color pop,
childrens-aquarium-dallas,Children's Aquarium Dallas,Dallas,United States,5,template:generic_aquarium,Seahorse,3,animal,template,seahorse,Small find challenge,
dallas-arboretum,Dallas Arboretum (kids trails),Dallas,United States,5,template:generic_science,Dinosaur / fossil hall,1,exhibit,template,sci-dinosaur,,
dallas-arboretum,Dallas Arboretum (kids trails),Dallas,United States,5,template:generic_science,Hands-on lab / makerspace,1,exhibit,template,sci-hands-on,,
dallas-arboretum,Dallas Arboretum (kids trails),Dallas,United States,5,template:generic_science,Live animal / aquarium corner,2,exhibit,template,sci-aquarium-zone,,
dallas-arboretum,Dallas Arboretum (kids trails),Dallas,United States,5,template:generic_science,Outdoor play,2,zone,template,cm-outdoor,,
dallas-arboretum,Dallas Arboretum (kids trails),Dallas,United States,5,template:generic_science,Planet / space area,2,exhibit,template,sci-planet,,
dallas-arboretum,Dallas Arboretum (kids trails),Dallas,United States,5,template:generic_science,Toddler soft space,2,zone,template,cm-toddler-garden,,
dallas-world-aquarium,Dallas World Aquarium,Dallas,United States,5,template:generic_aquarium,Ray / touch pool if open,1,animal,template,stingray,Interactive,
dallas-world-aquarium,Dallas World Aquarium,Dallas,United States,5,template:generic_aquarium,Shark,1,animal,template,shark,Hero tank,
dallas-world-aquarium,Dallas World Aquarium,Dallas,United States,5,template:generic_aquarium,Tunnel / underwater walk,1,experience,template,,Signature aquarium moment,
dallas-world-aquarium,Dallas World Aquarium,Dallas,United States,5,template:generic_aquarium,Jellyfish,2,animal,template,jellyfish,Mesmerizing for toddlers,
dallas-world-aquarium,Dallas World Aquarium,Dallas,United States,5,template:generic_aquarium,Octopus,2,animal,template,octopus,Hide-and-seek fun,
dallas-world-aquarium,Dallas World Aquarium,Dallas,United States,5,template:generic_aquarium,Penguin (if present),2,animal,template,african-penguin,Many aquariums have them,
dallas-world-aquarium,Dallas World Aquarium,Dallas,United States,5,template:generic_aquarium,Sea turtle,2,animal,template,sea-turtle,Easy ID,
dallas-world-aquarium,Dallas World Aquarium,Dallas,United States,5,template:generic_aquarium,Clownfish / reef,3,animal,template,clownfish,Color pop,
dallas-world-aquarium,Dallas World Aquarium,Dallas,United States,5,template:generic_aquarium,Seahorse,3,animal,template,seahorse,Small find challenge,
perot-museum,Perot Museum of Nature and Science,Dallas,United States,5,template:generic_childrens_museum,Pretend town / market,1,zone,template,cm-imaginarium,,
perot-museum,Perot Museum of Nature and Science,Dallas,United States,5,template:generic_childrens_museum,Water play,1,zone,template,cm-waterfall,,
perot-museum,Perot Museum of Nature and Science,Dallas,United States,5,template:generic_childrens_museum,Build / make studio,2,zone,template,cm-makery,,
perot-museum,Perot Museum of Nature and Science,Dallas,United States,5,template:generic_childrens_museum,Outdoor climb,2,zone,template,cm-outdoor,,
perot-museum,Perot Museum of Nature and Science,Dallas,United States,5,template:generic_childrens_museum,Toddler garden,2,zone,template,cm-toddler-garden,,
perot-museum,Perot Museum of Nature and Science,Dallas,United States,5,template:generic_childrens_museum,Art studio,3,zone,template,cm-art-lab,,
denver-museum-nature-science,Denver Museum of Nature & Science,Denver,United States,8,template:generic_science,Dinosaur / fossil hall,1,exhibit,template,sci-dinosaur,,
denver-museum-nature-science,Denver Museum of Nature & Science,Denver,United States,8,template:generic_science,Hands-on lab / makerspace,1,exhibit,template,sci-hands-on,,
denver-museum-nature-science,Denver Museum of Nature & Science,Denver,United States,8,template:generic_science,Live animal / aquarium corner,2,exhibit,template,sci-aquarium-zone,,
denver-museum-nature-science,Denver Museum of Nature & Science,Denver,United States,8,template:generic_science,Outdoor play,2,zone,template,cm-outdoor,,
denver-museum-nature-science,Denver Museum of Nature & Science,Denver,United States,8,template:generic_science,Planet / space area,2,exhibit,template,sci-planet,,
denver-museum-nature-science,Denver Museum of Nature & Science,Denver,United States,8,template:generic_science,Toddler soft space,2,zone,template,cm-toddler-garden,,
denver-zoo,Denver Zoo,Denver,United States,8,template:generic_zoo,Elephant,1,animal,template,african-elephant,"Large, memorable; confirm African vs Asian",
denver-zoo,Denver Zoo,Denver,United States,8,template:generic_zoo,Giraffe,1,animal,template,reticulated-giraffe,"Tall, easy for kids to spot",
denver-zoo,Denver Zoo,Denver,United States,8,template:generic_zoo,Lion,1,animal,template,african-lion,Iconic big cat; often near savanna,
denver-zoo,Denver Zoo,Denver,United States,8,template:generic_zoo,Children's zoo / farm,2,zone,template,,Rest + little kids reset,
denver-zoo,Denver Zoo,Denver,United States,8,template:generic_zoo,Gorilla or large ape,2,animal,template,western-lowland-gorilla,Primate house highlight,
denver-zoo,Denver Zoo,Denver,United States,8,template:generic_zoo,Penguin,2,animal,template,african-penguin,"Active, kid magnet",
denver-zoo,Denver Zoo,Denver,United States,8,template:generic_zoo,Tiger,2,animal,template,sumatran-tiger,Stripes; popular photo stop,
denver-zoo,Denver Zoo,Denver,United States,8,template:generic_zoo,Otter,3,animal,template,asian-small-clawed-otter,Active water play,
denver-zoo,Denver Zoo,Denver,United States,8,template:generic_zoo,Playground / splash if open,3,experience,template,,Energy burn between animals,
denver-zoo,Denver Zoo,Denver,United States,8,template:generic_zoo,Red panda,3,animal,template,red-panda,Cute climber; not giant panda,
denver-zoo,Denver Zoo,Denver,United States,8,template:generic_zoo,Zebra,3,animal,template,zebra,Pattern hunt,
denver-zoo,Denver Zoo,Denver,United States,8,template:generic_zoo,Tortoise,4,animal,template,galapagos-tortoise,"Slow, close views",
san-diego-safari-park,San Diego Zoo Safari Park,Escondido,United States,5,template:generic_safari,Elephant,1,animal,template,african-elephant,,
san-diego-safari-park,San Diego Zoo Safari Park,Escondido,United States,5,template:generic_safari,Giraffe,1,animal,template,reticulated-giraffe,,
san-diego-safari-park,San Diego Zoo Safari Park,Escondido,United States,5,template:generic_safari,Lion,1,animal,template,african-lion,,
san-diego-safari-park,San Diego Zoo Safari Park,Escondido,United States,5,template:generic_safari,Tram / drive-through,1,experience,template,,Core safari format,
san-diego-safari-park,San Diego Zoo Safari Park,Escondido,United States,5,template:generic_safari,Cheetah or fast cat,2,animal,template,cheetah,,
san-diego-safari-park,San Diego Zoo Safari Park,Escondido,United States,5,template:generic_safari,Rhino (if present),2,animal,template,,,Confirm species/presence
san-diego-safari-park,San Diego Zoo Safari Park,Escondido,United States,5,template:generic_safari,Zebra,2,animal,template,zebra,,
honolulu-zoo,Honolulu Zoo,Honolulu,United States,8,template:generic_zoo,Elephant,1,animal,template,african-elephant,"Large, memorable; confirm African vs Asian",
honolulu-zoo,Honolulu Zoo,Honolulu,United States,8,template:generic_zoo,Giraffe,1,animal,template,reticulated-giraffe,"Tall, easy for kids to spot",
honolulu-zoo,Honolulu Zoo,Honolulu,United States,8,template:generic_zoo,Lion,1,animal,template,african-lion,Iconic big cat; often near savanna,
honolulu-zoo,Honolulu Zoo,Honolulu,United States,8,template:generic_zoo,Children's zoo / farm,2,zone,template,,Rest + little kids reset,
honolulu-zoo,Honolulu Zoo,Honolulu,United States,8,template:generic_zoo,Gorilla or large ape,2,animal,template,western-lowland-gorilla,Primate house highlight,
honolulu-zoo,Honolulu Zoo,Honolulu,United States,8,template:generic_zoo,Penguin,2,animal,template,african-penguin,"Active, kid magnet",
honolulu-zoo,Honolulu Zoo,Honolulu,United States,8,template:generic_zoo,Tiger,2,animal,template,sumatran-tiger,Stripes; popular photo stop,
honolulu-zoo,Honolulu Zoo,Honolulu,United States,8,template:generic_zoo,Otter,3,animal,template,asian-small-clawed-otter,Active water play,
honolulu-zoo,Honolulu Zoo,Honolulu,United States,8,template:generic_zoo,Playground / splash if open,3,experience,template,,Energy burn between animals,
honolulu-zoo,Honolulu Zoo,Honolulu,United States,8,template:generic_zoo,Red panda,3,animal,template,red-panda,Cute climber; not giant panda,
honolulu-zoo,Honolulu Zoo,Honolulu,United States,8,template:generic_zoo,Zebra,3,animal,template,zebra,Pattern hunt,
honolulu-zoo,Honolulu Zoo,Honolulu,United States,8,template:generic_zoo,Tortoise,4,animal,template,galapagos-tortoise,"Slow, close views",
waikiki-aquarium,Waikiki Aquarium,Honolulu,United States,8,template:generic_aquarium,Ray / touch pool if open,1,animal,template,stingray,Interactive,
waikiki-aquarium,Waikiki Aquarium,Honolulu,United States,8,template:generic_aquarium,Shark,1,animal,template,shark,Hero tank,
waikiki-aquarium,Waikiki Aquarium,Honolulu,United States,8,template:generic_aquarium,Tunnel / underwater walk,1,experience,template,,Signature aquarium moment,
waikiki-aquarium,Waikiki Aquarium,Honolulu,United States,8,template:generic_aquarium,Jellyfish,2,animal,template,jellyfish,Mesmerizing for toddlers,
waikiki-aquarium,Waikiki Aquarium,Honolulu,United States,8,template:generic_aquarium,Octopus,2,animal,template,octopus,Hide-and-seek fun,
waikiki-aquarium,Waikiki Aquarium,Honolulu,United States,8,template:generic_aquarium,Penguin (if present),2,animal,template,african-penguin,Many aquariums have them,
waikiki-aquarium,Waikiki Aquarium,Honolulu,United States,8,template:generic_aquarium,Sea turtle,2,animal,template,sea-turtle,Easy ID,
waikiki-aquarium,Waikiki Aquarium,Honolulu,United States,8,template:generic_aquarium,Clownfish / reef,3,animal,template,clownfish,Color pop,
waikiki-aquarium,Waikiki Aquarium,Honolulu,United States,8,template:generic_aquarium,Seahorse,3,animal,template,seahorse,Small find challenge,
indy-childrens-museum,Children's Museum of Indianapolis,Indianapolis,United States,8,template:generic_childrens_museum,Pretend town / market,1,zone,template,cm-imaginarium,,
indy-childrens-museum,Children's Museum of Indianapolis,Indianapolis,United States,8,template:generic_childrens_museum,Water play,1,zone,template,cm-waterfall,,
indy-childrens-museum,Children's Museum of Indianapolis,Indianapolis,United States,8,template:generic_childrens_museum,Build / make studio,2,zone,template,cm-makery,,
indy-childrens-museum,Children's Museum of Indianapolis,Indianapolis,United States,8,template:generic_childrens_museum,Outdoor climb,2,zone,template,cm-outdoor,,
indy-childrens-museum,Children's Museum of Indianapolis,Indianapolis,United States,8,template:generic_childrens_museum,Toddler garden,2,zone,template,cm-toddler-garden,,
indy-childrens-museum,Children's Museum of Indianapolis,Indianapolis,United States,8,template:generic_childrens_museum,Art studio,3,zone,template,cm-art-lab,,
kansas-city-zoo,Kansas City Zoo,Kansas City,United States,8,template:generic_zoo,Elephant,1,animal,template,african-elephant,"Large, memorable; confirm African vs Asian",
kansas-city-zoo,Kansas City Zoo,Kansas City,United States,8,template:generic_zoo,Giraffe,1,animal,template,reticulated-giraffe,"Tall, easy for kids to spot",
kansas-city-zoo,Kansas City Zoo,Kansas City,United States,8,template:generic_zoo,Lion,1,animal,template,african-lion,Iconic big cat; often near savanna,
kansas-city-zoo,Kansas City Zoo,Kansas City,United States,8,template:generic_zoo,Children's zoo / farm,2,zone,template,,Rest + little kids reset,
kansas-city-zoo,Kansas City Zoo,Kansas City,United States,8,template:generic_zoo,Gorilla or large ape,2,animal,template,western-lowland-gorilla,Primate house highlight,
kansas-city-zoo,Kansas City Zoo,Kansas City,United States,8,template:generic_zoo,Penguin,2,animal,template,african-penguin,"Active, kid magnet",
kansas-city-zoo,Kansas City Zoo,Kansas City,United States,8,template:generic_zoo,Tiger,2,animal,template,sumatran-tiger,Stripes; popular photo stop,
kansas-city-zoo,Kansas City Zoo,Kansas City,United States,8,template:generic_zoo,Otter,3,animal,template,asian-small-clawed-otter,Active water play,
kansas-city-zoo,Kansas City Zoo,Kansas City,United States,8,template:generic_zoo,Playground / splash if open,3,experience,template,,Energy burn between animals,
kansas-city-zoo,Kansas City Zoo,Kansas City,United States,8,template:generic_zoo,Red panda,3,animal,template,red-panda,Cute climber; not giant panda,
kansas-city-zoo,Kansas City Zoo,Kansas City,United States,8,template:generic_zoo,Zebra,3,animal,template,zebra,Pattern hunt,
kansas-city-zoo,Kansas City Zoo,Kansas City,United States,8,template:generic_zoo,Tortoise,4,animal,template,galapagos-tortoise,"Slow, close views",
union-station-kc-science,Science City at Union Station,Kansas City,United States,8,template:generic_science,Dinosaur / fossil hall,1,exhibit,template,sci-dinosaur,,
union-station-kc-science,Science City at Union Station,Kansas City,United States,8,template:generic_science,Hands-on lab / makerspace,1,exhibit,template,sci-hands-on,,
union-station-kc-science,Science City at Union Station,Kansas City,United States,8,template:generic_science,Live animal / aquarium corner,2,exhibit,template,sci-aquarium-zone,,
union-station-kc-science,Science City at Union Station,Kansas City,United States,8,template:generic_science,Outdoor play,2,zone,template,cm-outdoor,,
union-station-kc-science,Science City at Union Station,Kansas City,United States,8,template:generic_science,Planet / space area,2,exhibit,template,sci-planet,,
union-station-kc-science,Science City at Union Station,Kansas City,United States,8,template:generic_science,Toddler soft space,2,zone,template,cm-toddler-garden,,
aquarium-of-the-pacific,Aquarium of the Pacific,Long Beach,United States,8,template:generic_aquarium,Ray / touch pool if open,1,animal,template,stingray,Interactive,
aquarium-of-the-pacific,Aquarium of the Pacific,Long Beach,United States,8,template:generic_aquarium,Shark,1,animal,template,shark,Hero tank,
aquarium-of-the-pacific,Aquarium of the Pacific,Long Beach,United States,8,template:generic_aquarium,Tunnel / underwater walk,1,experience,template,,Signature aquarium moment,
aquarium-of-the-pacific,Aquarium of the Pacific,Long Beach,United States,8,template:generic_aquarium,Jellyfish,2,animal,template,jellyfish,Mesmerizing for toddlers,
aquarium-of-the-pacific,Aquarium of the Pacific,Long Beach,United States,8,template:generic_aquarium,Octopus,2,animal,template,octopus,Hide-and-seek fun,
aquarium-of-the-pacific,Aquarium of the Pacific,Long Beach,United States,8,template:generic_aquarium,Penguin (if present),2,animal,template,african-penguin,Many aquariums have them,
aquarium-of-the-pacific,Aquarium of the Pacific,Long Beach,United States,8,template:generic_aquarium,Sea turtle,2,animal,template,sea-turtle,Easy ID,
aquarium-of-the-pacific,Aquarium of the Pacific,Long Beach,United States,8,template:generic_aquarium,Clownfish / reef,3,animal,template,clownfish,Color pop,
aquarium-of-the-pacific,Aquarium of the Pacific,Long Beach,United States,8,template:generic_aquarium,Seahorse,3,animal,template,seahorse,Small find challenge,
california-science-center,California Science Center,Los Angeles,United States,8,template:generic_science,Dinosaur / fossil hall,1,exhibit,template,sci-dinosaur,,
california-science-center,California Science Center,Los Angeles,United States,8,template:generic_science,Hands-on lab / makerspace,1,exhibit,template,sci-hands-on,,
california-science-center,California Science Center,Los Angeles,United States,8,template:generic_science,Live animal / aquarium corner,2,exhibit,template,sci-aquarium-zone,,
california-science-center,California Science Center,Los Angeles,United States,8,template:generic_science,Outdoor play,2,zone,template,cm-outdoor,,
california-science-center,California Science Center,Los Angeles,United States,8,template:generic_science,Planet / space area,2,exhibit,template,sci-planet,,
california-science-center,California Science Center,Los Angeles,United States,8,template:generic_science,Toddler soft space,2,zone,template,cm-toddler-garden,,
la-zoo,Los Angeles Zoo,Los Angeles,United States,8,template:generic_zoo,Elephant,1,animal,template,african-elephant,"Large, memorable; confirm African vs Asian",
la-zoo,Los Angeles Zoo,Los Angeles,United States,8,template:generic_zoo,Giraffe,1,animal,template,reticulated-giraffe,"Tall, easy for kids to spot",
la-zoo,Los Angeles Zoo,Los Angeles,United States,8,template:generic_zoo,Lion,1,animal,template,african-lion,Iconic big cat; often near savanna,
la-zoo,Los Angeles Zoo,Los Angeles,United States,8,template:generic_zoo,Children's zoo / farm,2,zone,template,,Rest + little kids reset,
la-zoo,Los Angeles Zoo,Los Angeles,United States,8,template:generic_zoo,Gorilla or large ape,2,animal,template,western-lowland-gorilla,Primate house highlight,
la-zoo,Los Angeles Zoo,Los Angeles,United States,8,template:generic_zoo,Penguin,2,animal,template,african-penguin,"Active, kid magnet",
la-zoo,Los Angeles Zoo,Los Angeles,United States,8,template:generic_zoo,Tiger,2,animal,template,sumatran-tiger,Stripes; popular photo stop,
la-zoo,Los Angeles Zoo,Los Angeles,United States,8,template:generic_zoo,Otter,3,animal,template,asian-small-clawed-otter,Active water play,
la-zoo,Los Angeles Zoo,Los Angeles,United States,8,template:generic_zoo,Playground / splash if open,3,experience,template,,Energy burn between animals,
la-zoo,Los Angeles Zoo,Los Angeles,United States,8,template:generic_zoo,Red panda,3,animal,template,red-panda,Cute climber; not giant panda,
la-zoo,Los Angeles Zoo,Los Angeles,United States,8,template:generic_zoo,Zebra,3,animal,template,zebra,Pattern hunt,
la-zoo,Los Angeles Zoo,Los Angeles,United States,8,template:generic_zoo,Tortoise,4,animal,template,galapagos-tortoise,"Slow, close views",
memphis-zoo,Memphis Zoo,Memphis,United States,8,template:generic_zoo,Elephant,1,animal,template,african-elephant,"Large, memorable; confirm African vs Asian",
memphis-zoo,Memphis Zoo,Memphis,United States,8,template:generic_zoo,Giraffe,1,animal,template,reticulated-giraffe,"Tall, easy for kids to spot",
memphis-zoo,Memphis Zoo,Memphis,United States,8,template:generic_zoo,Lion,1,animal,template,african-lion,Iconic big cat; often near savanna,
memphis-zoo,Memphis Zoo,Memphis,United States,8,template:generic_zoo,Children's zoo / farm,2,zone,template,,Rest + little kids reset,
memphis-zoo,Memphis Zoo,Memphis,United States,8,template:generic_zoo,Gorilla or large ape,2,animal,template,western-lowland-gorilla,Primate house highlight,
memphis-zoo,Memphis Zoo,Memphis,United States,8,template:generic_zoo,Penguin,2,animal,template,african-penguin,"Active, kid magnet",
memphis-zoo,Memphis Zoo,Memphis,United States,8,template:generic_zoo,Tiger,2,animal,template,sumatran-tiger,Stripes; popular photo stop,
memphis-zoo,Memphis Zoo,Memphis,United States,8,template:generic_zoo,Otter,3,animal,template,asian-small-clawed-otter,Active water play,
memphis-zoo,Memphis Zoo,Memphis,United States,8,template:generic_zoo,Playground / splash if open,3,experience,template,,Energy burn between animals,
memphis-zoo,Memphis Zoo,Memphis,United States,8,template:generic_zoo,Red panda,3,animal,template,red-panda,Cute climber; not giant panda,
memphis-zoo,Memphis Zoo,Memphis,United States,8,template:generic_zoo,Zebra,3,animal,template,zebra,Pattern hunt,
memphis-zoo,Memphis Zoo,Memphis,United States,8,template:generic_zoo,Tortoise,4,animal,template,galapagos-tortoise,"Slow, close views",
frost-science,Phillip and Patricia Frost Museum of Science,Miami,United States,8,template:generic_science,Dinosaur / fossil hall,1,exhibit,template,sci-dinosaur,,
frost-science,Phillip and Patricia Frost Museum of Science,Miami,United States,8,template:generic_science,Hands-on lab / makerspace,1,exhibit,template,sci-hands-on,,
frost-science,Phillip and Patricia Frost Museum of Science,Miami,United States,8,template:generic_science,Live animal / aquarium corner,2,exhibit,template,sci-aquarium-zone,,
frost-science,Phillip and Patricia Frost Museum of Science,Miami,United States,8,template:generic_science,Outdoor play,2,zone,template,cm-outdoor,,
frost-science,Phillip and Patricia Frost Museum of Science,Miami,United States,8,template:generic_science,Planet / space area,2,exhibit,template,sci-planet,,
frost-science,Phillip and Patricia Frost Museum of Science,Miami,United States,8,template:generic_science,Toddler soft space,2,zone,template,cm-toddler-garden,,
miami-zoo,Zoo Miami,Miami,United States,8,template:generic_zoo,Elephant,1,animal,template,african-elephant,"Large, memorable; confirm African vs Asian",
miami-zoo,Zoo Miami,Miami,United States,8,template:generic_zoo,Giraffe,1,animal,template,reticulated-giraffe,"Tall, easy for kids to spot",
miami-zoo,Zoo Miami,Miami,United States,8,template:generic_zoo,Lion,1,animal,template,african-lion,Iconic big cat; often near savanna,
miami-zoo,Zoo Miami,Miami,United States,8,template:generic_zoo,Children's zoo / farm,2,zone,template,,Rest + little kids reset,
miami-zoo,Zoo Miami,Miami,United States,8,template:generic_zoo,Gorilla or large ape,2,animal,template,western-lowland-gorilla,Primate house highlight,
miami-zoo,Zoo Miami,Miami,United States,8,template:generic_zoo,Penguin,2,animal,template,african-penguin,"Active, kid magnet",
miami-zoo,Zoo Miami,Miami,United States,8,template:generic_zoo,Tiger,2,animal,template,sumatran-tiger,Stripes; popular photo stop,
miami-zoo,Zoo Miami,Miami,United States,8,template:generic_zoo,Otter,3,animal,template,asian-small-clawed-otter,Active water play,
miami-zoo,Zoo Miami,Miami,United States,8,template:generic_zoo,Playground / splash if open,3,experience,template,,Energy burn between animals,
miami-zoo,Zoo Miami,Miami,United States,8,template:generic_zoo,Red panda,3,animal,template,red-panda,Cute climber; not giant panda,
miami-zoo,Zoo Miami,Miami,United States,8,template:generic_zoo,Zebra,3,animal,template,zebra,Pattern hunt,
miami-zoo,Zoo Miami,Miami,United States,8,template:generic_zoo,Tortoise,4,animal,template,galapagos-tortoise,"Slow, close views",
milwaukee-zoo,Milwaukee County Zoo,Milwaukee,United States,8,template:generic_zoo,Elephant,1,animal,template,african-elephant,"Large, memorable; confirm African vs Asian",
milwaukee-zoo,Milwaukee County Zoo,Milwaukee,United States,8,template:generic_zoo,Giraffe,1,animal,template,reticulated-giraffe,"Tall, easy for kids to spot",
milwaukee-zoo,Milwaukee County Zoo,Milwaukee,United States,8,template:generic_zoo,Lion,1,animal,template,african-lion,Iconic big cat; often near savanna,
milwaukee-zoo,Milwaukee County Zoo,Milwaukee,United States,8,template:generic_zoo,Children's zoo / farm,2,zone,template,,Rest + little kids reset,
milwaukee-zoo,Milwaukee County Zoo,Milwaukee,United States,8,template:generic_zoo,Gorilla or large ape,2,animal,template,western-lowland-gorilla,Primate house highlight,
milwaukee-zoo,Milwaukee County Zoo,Milwaukee,United States,8,template:generic_zoo,Penguin,2,animal,template,african-penguin,"Active, kid magnet",
milwaukee-zoo,Milwaukee County Zoo,Milwaukee,United States,8,template:generic_zoo,Tiger,2,animal,template,sumatran-tiger,Stripes; popular photo stop,
milwaukee-zoo,Milwaukee County Zoo,Milwaukee,United States,8,template:generic_zoo,Otter,3,animal,template,asian-small-clawed-otter,Active water play,
milwaukee-zoo,Milwaukee County Zoo,Milwaukee,United States,8,template:generic_zoo,Playground / splash if open,3,experience,template,,Energy burn between animals,
milwaukee-zoo,Milwaukee County Zoo,Milwaukee,United States,8,template:generic_zoo,Red panda,3,animal,template,red-panda,Cute climber; not giant panda,
milwaukee-zoo,Milwaukee County Zoo,Milwaukee,United States,8,template:generic_zoo,Zebra,3,animal,template,zebra,Pattern hunt,
milwaukee-zoo,Milwaukee County Zoo,Milwaukee,United States,8,template:generic_zoo,Tortoise,4,animal,template,galapagos-tortoise,"Slow, close views",
nashville-adventure-science,Adventure Science Center,Nashville,United States,8,template:generic_science,Dinosaur / fossil hall,1,exhibit,template,sci-dinosaur,,
nashville-adventure-science,Adventure Science Center,Nashville,United States,8,template:generic_science,Hands-on lab / makerspace,1,exhibit,template,sci-hands-on,,
nashville-adventure-science,Adventure Science Center,Nashville,United States,8,template:generic_science,Live animal / aquarium corner,2,exhibit,template,sci-aquarium-zone,,
nashville-adventure-science,Adventure Science Center,Nashville,United States,8,template:generic_science,Outdoor play,2,zone,template,cm-outdoor,,
nashville-adventure-science,Adventure Science Center,Nashville,United States,8,template:generic_science,Planet / space area,2,exhibit,template,sci-planet,,
nashville-adventure-science,Adventure Science Center,Nashville,United States,8,template:generic_science,Toddler soft space,2,zone,template,cm-toddler-garden,,
nashville-zoo,Nashville Zoo,Nashville,United States,8,template:generic_zoo,Elephant,1,animal,template,african-elephant,"Large, memorable; confirm African vs Asian",
nashville-zoo,Nashville Zoo,Nashville,United States,8,template:generic_zoo,Giraffe,1,animal,template,reticulated-giraffe,"Tall, easy for kids to spot",
nashville-zoo,Nashville Zoo,Nashville,United States,8,template:generic_zoo,Lion,1,animal,template,african-lion,Iconic big cat; often near savanna,
nashville-zoo,Nashville Zoo,Nashville,United States,8,template:generic_zoo,Children's zoo / farm,2,zone,template,,Rest + little kids reset,
nashville-zoo,Nashville Zoo,Nashville,United States,8,template:generic_zoo,Gorilla or large ape,2,animal,template,western-lowland-gorilla,Primate house highlight,
nashville-zoo,Nashville Zoo,Nashville,United States,8,template:generic_zoo,Penguin,2,animal,template,african-penguin,"Active, kid magnet",
nashville-zoo,Nashville Zoo,Nashville,United States,8,template:generic_zoo,Tiger,2,animal,template,sumatran-tiger,Stripes; popular photo stop,
nashville-zoo,Nashville Zoo,Nashville,United States,8,template:generic_zoo,Otter,3,animal,template,asian-small-clawed-otter,Active water play,
nashville-zoo,Nashville Zoo,Nashville,United States,8,template:generic_zoo,Playground / splash if open,3,experience,template,,Energy burn between animals,
nashville-zoo,Nashville Zoo,Nashville,United States,8,template:generic_zoo,Red panda,3,animal,template,red-panda,Cute climber; not giant panda,
nashville-zoo,Nashville Zoo,Nashville,United States,8,template:generic_zoo,Zebra,3,animal,template,zebra,Pattern hunt,
nashville-zoo,Nashville Zoo,Nashville,United States,8,template:generic_zoo,Tortoise,4,animal,template,galapagos-tortoise,"Slow, close views",
audubon-aquarium,Audubon Aquarium,New Orleans,United States,8,template:generic_aquarium,Ray / touch pool if open,1,animal,template,stingray,Interactive,
audubon-aquarium,Audubon Aquarium,New Orleans,United States,8,template:generic_aquarium,Shark,1,animal,template,shark,Hero tank,
audubon-aquarium,Audubon Aquarium,New Orleans,United States,8,template:generic_aquarium,Tunnel / underwater walk,1,experience,template,,Signature aquarium moment,
audubon-aquarium,Audubon Aquarium,New Orleans,United States,8,template:generic_aquarium,Jellyfish,2,animal,template,jellyfish,Mesmerizing for toddlers,
audubon-aquarium,Audubon Aquarium,New Orleans,United States,8,template:generic_aquarium,Octopus,2,animal,template,octopus,Hide-and-seek fun,
audubon-aquarium,Audubon Aquarium,New Orleans,United States,8,template:generic_aquarium,Penguin (if present),2,animal,template,african-penguin,Many aquariums have them,
audubon-aquarium,Audubon Aquarium,New Orleans,United States,8,template:generic_aquarium,Sea turtle,2,animal,template,sea-turtle,Easy ID,
audubon-aquarium,Audubon Aquarium,New Orleans,United States,8,template:generic_aquarium,Clownfish / reef,3,animal,template,clownfish,Color pop,
audubon-aquarium,Audubon Aquarium,New Orleans,United States,8,template:generic_aquarium,Seahorse,3,animal,template,seahorse,Small find challenge,
audubon-zoo,Audubon Zoo,New Orleans,United States,8,template:generic_zoo,Elephant,1,animal,template,african-elephant,"Large, memorable; confirm African vs Asian",
audubon-zoo,Audubon Zoo,New Orleans,United States,8,template:generic_zoo,Giraffe,1,animal,template,reticulated-giraffe,"Tall, easy for kids to spot",
audubon-zoo,Audubon Zoo,New Orleans,United States,8,template:generic_zoo,Lion,1,animal,template,african-lion,Iconic big cat; often near savanna,
audubon-zoo,Audubon Zoo,New Orleans,United States,8,template:generic_zoo,Children's zoo / farm,2,zone,template,,Rest + little kids reset,
audubon-zoo,Audubon Zoo,New Orleans,United States,8,template:generic_zoo,Gorilla or large ape,2,animal,template,western-lowland-gorilla,Primate house highlight,
audubon-zoo,Audubon Zoo,New Orleans,United States,8,template:generic_zoo,Penguin,2,animal,template,african-penguin,"Active, kid magnet",
audubon-zoo,Audubon Zoo,New Orleans,United States,8,template:generic_zoo,Tiger,2,animal,template,sumatran-tiger,Stripes; popular photo stop,
audubon-zoo,Audubon Zoo,New Orleans,United States,8,template:generic_zoo,Otter,3,animal,template,asian-small-clawed-otter,Active water play,
audubon-zoo,Audubon Zoo,New Orleans,United States,8,template:generic_zoo,Playground / splash if open,3,experience,template,,Energy burn between animals,
audubon-zoo,Audubon Zoo,New Orleans,United States,8,template:generic_zoo,Red panda,3,animal,template,red-panda,Cute climber; not giant panda,
audubon-zoo,Audubon Zoo,New Orleans,United States,8,template:generic_zoo,Zebra,3,animal,template,zebra,Pattern hunt,
audubon-zoo,Audubon Zoo,New Orleans,United States,8,template:generic_zoo,Tortoise,4,animal,template,galapagos-tortoise,"Slow, close views",
omaha-henry-doorly,Omaha's Henry Doorly Zoo & Aquarium,Omaha,United States,8,template:generic_zoo,Elephant,1,animal,template,african-elephant,"Large, memorable; confirm African vs Asian",
omaha-henry-doorly,Omaha's Henry Doorly Zoo & Aquarium,Omaha,United States,8,template:generic_zoo,Giraffe,1,animal,template,reticulated-giraffe,"Tall, easy for kids to spot",
omaha-henry-doorly,Omaha's Henry Doorly Zoo & Aquarium,Omaha,United States,8,template:generic_zoo,Lion,1,animal,template,african-lion,Iconic big cat; often near savanna,
omaha-henry-doorly,Omaha's Henry Doorly Zoo & Aquarium,Omaha,United States,8,template:generic_zoo,Children's zoo / farm,2,zone,template,,Rest + little kids reset,
omaha-henry-doorly,Omaha's Henry Doorly Zoo & Aquarium,Omaha,United States,8,template:generic_zoo,Gorilla or large ape,2,animal,template,western-lowland-gorilla,Primate house highlight,
omaha-henry-doorly,Omaha's Henry Doorly Zoo & Aquarium,Omaha,United States,8,template:generic_zoo,Penguin,2,animal,template,african-penguin,"Active, kid magnet",
omaha-henry-doorly,Omaha's Henry Doorly Zoo & Aquarium,Omaha,United States,8,template:generic_zoo,Tiger,2,animal,template,sumatran-tiger,Stripes; popular photo stop,
omaha-henry-doorly,Omaha's Henry Doorly Zoo & Aquarium,Omaha,United States,8,template:generic_zoo,Otter,3,animal,template,asian-small-clawed-otter,Active water play,
omaha-henry-doorly,Omaha's Henry Doorly Zoo & Aquarium,Omaha,United States,8,template:generic_zoo,Playground / splash if open,3,experience,template,,Energy burn between animals,
omaha-henry-doorly,Omaha's Henry Doorly Zoo & Aquarium,Omaha,United States,8,template:generic_zoo,Red panda,3,animal,template,red-panda,Cute climber; not giant panda,
omaha-henry-doorly,Omaha's Henry Doorly Zoo & Aquarium,Omaha,United States,8,template:generic_zoo,Zebra,3,animal,template,zebra,Pattern hunt,
omaha-henry-doorly,Omaha's Henry Doorly Zoo & Aquarium,Omaha,United States,8,template:generic_zoo,Tortoise,4,animal,template,galapagos-tortoise,"Slow, close views",
orlando-science-center,Orlando Science Center,Orlando,United States,8,template:generic_science,Dinosaur / fossil hall,1,exhibit,template,sci-dinosaur,,
orlando-science-center,Orlando Science Center,Orlando,United States,8,template:generic_science,Hands-on lab / makerspace,1,exhibit,template,sci-hands-on,,
orlando-science-center,Orlando Science Center,Orlando,United States,8,template:generic_science,Live animal / aquarium corner,2,exhibit,template,sci-aquarium-zone,,
orlando-science-center,Orlando Science Center,Orlando,United States,8,template:generic_science,Outdoor play,2,zone,template,cm-outdoor,,
orlando-science-center,Orlando Science Center,Orlando,United States,8,template:generic_science,Planet / space area,2,exhibit,template,sci-planet,,
orlando-science-center,Orlando Science Center,Orlando,United States,8,template:generic_science,Toddler soft space,2,zone,template,cm-toddler-garden,,
philadelphia-zoo,Philadelphia Zoo,Philadelphia,United States,8,template:generic_zoo,Elephant,1,animal,template,african-elephant,"Large, memorable; confirm African vs Asian",
philadelphia-zoo,Philadelphia Zoo,Philadelphia,United States,8,template:generic_zoo,Giraffe,1,animal,template,reticulated-giraffe,"Tall, easy for kids to spot",
philadelphia-zoo,Philadelphia Zoo,Philadelphia,United States,8,template:generic_zoo,Lion,1,animal,template,african-lion,Iconic big cat; often near savanna,
philadelphia-zoo,Philadelphia Zoo,Philadelphia,United States,8,template:generic_zoo,Children's zoo / farm,2,zone,template,,Rest + little kids reset,
philadelphia-zoo,Philadelphia Zoo,Philadelphia,United States,8,template:generic_zoo,Gorilla or large ape,2,animal,template,western-lowland-gorilla,Primate house highlight,
philadelphia-zoo,Philadelphia Zoo,Philadelphia,United States,8,template:generic_zoo,Penguin,2,animal,template,african-penguin,"Active, kid magnet",
philadelphia-zoo,Philadelphia Zoo,Philadelphia,United States,8,template:generic_zoo,Tiger,2,animal,template,sumatran-tiger,Stripes; popular photo stop,
philadelphia-zoo,Philadelphia Zoo,Philadelphia,United States,8,template:generic_zoo,Otter,3,animal,template,asian-small-clawed-otter,Active water play,
philadelphia-zoo,Philadelphia Zoo,Philadelphia,United States,8,template:generic_zoo,Playground / splash if open,3,experience,template,,Energy burn between animals,
philadelphia-zoo,Philadelphia Zoo,Philadelphia,United States,8,template:generic_zoo,Red panda,3,animal,template,red-panda,Cute climber; not giant panda,
philadelphia-zoo,Philadelphia Zoo,Philadelphia,United States,8,template:generic_zoo,Zebra,3,animal,template,zebra,Pattern hunt,
philadelphia-zoo,Philadelphia Zoo,Philadelphia,United States,8,template:generic_zoo,Tortoise,4,animal,template,galapagos-tortoise,"Slow, close views",
please-touch-museum,Please Touch Museum,Philadelphia,United States,8,template:generic_childrens_museum,Pretend town / market,1,zone,template,cm-imaginarium,,
please-touch-museum,Please Touch Museum,Philadelphia,United States,8,template:generic_childrens_museum,Water play,1,zone,template,cm-waterfall,,
please-touch-museum,Please Touch Museum,Philadelphia,United States,8,template:generic_childrens_museum,Build / make studio,2,zone,template,cm-makery,,
please-touch-museum,Please Touch Museum,Philadelphia,United States,8,template:generic_childrens_museum,Outdoor climb,2,zone,template,cm-outdoor,,
please-touch-museum,Please Touch Museum,Philadelphia,United States,8,template:generic_childrens_museum,Toddler garden,2,zone,template,cm-toddler-garden,,
please-touch-museum,Please Touch Museum,Philadelphia,United States,8,template:generic_childrens_museum,Art studio,3,zone,template,cm-art-lab,,
arizona-science-center,Arizona Science Center,Phoenix,United States,8,template:generic_science,Dinosaur / fossil hall,1,exhibit,template,sci-dinosaur,,
arizona-science-center,Arizona Science Center,Phoenix,United States,8,template:generic_science,Hands-on lab / makerspace,1,exhibit,template,sci-hands-on,,
arizona-science-center,Arizona Science Center,Phoenix,United States,8,template:generic_science,Live animal / aquarium corner,2,exhibit,template,sci-aquarium-zone,,
arizona-science-center,Arizona Science Center,Phoenix,United States,8,template:generic_science,Outdoor play,2,zone,template,cm-outdoor,,
arizona-science-center,Arizona Science Center,Phoenix,United States,8,template:generic_science,Planet / space area,2,exhibit,template,sci-planet,,
arizona-science-center,Arizona Science Center,Phoenix,United States,8,template:generic_science,Toddler soft space,2,zone,template,cm-toddler-garden,,
phoenix-zoo,Phoenix Zoo,Phoenix,United States,8,template:generic_zoo,Elephant,1,animal,template,african-elephant,"Large, memorable; confirm African vs Asian",
phoenix-zoo,Phoenix Zoo,Phoenix,United States,8,template:generic_zoo,Giraffe,1,animal,template,reticulated-giraffe,"Tall, easy for kids to spot",
phoenix-zoo,Phoenix Zoo,Phoenix,United States,8,template:generic_zoo,Lion,1,animal,template,african-lion,Iconic big cat; often near savanna,
phoenix-zoo,Phoenix Zoo,Phoenix,United States,8,template:generic_zoo,Children's zoo / farm,2,zone,template,,Rest + little kids reset,
phoenix-zoo,Phoenix Zoo,Phoenix,United States,8,template:generic_zoo,Gorilla or large ape,2,animal,template,western-lowland-gorilla,Primate house highlight,
phoenix-zoo,Phoenix Zoo,Phoenix,United States,8,template:generic_zoo,Penguin,2,animal,template,african-penguin,"Active, kid magnet",
phoenix-zoo,Phoenix Zoo,Phoenix,United States,8,template:generic_zoo,Tiger,2,animal,template,sumatran-tiger,Stripes; popular photo stop,
phoenix-zoo,Phoenix Zoo,Phoenix,United States,8,template:generic_zoo,Otter,3,animal,template,asian-small-clawed-otter,Active water play,
phoenix-zoo,Phoenix Zoo,Phoenix,United States,8,template:generic_zoo,Playground / splash if open,3,experience,template,,Energy burn between animals,
phoenix-zoo,Phoenix Zoo,Phoenix,United States,8,template:generic_zoo,Red panda,3,animal,template,red-panda,Cute climber; not giant panda,
phoenix-zoo,Phoenix Zoo,Phoenix,United States,8,template:generic_zoo,Zebra,3,animal,template,zebra,Pattern hunt,
phoenix-zoo,Phoenix Zoo,Phoenix,United States,8,template:generic_zoo,Tortoise,4,animal,template,galapagos-tortoise,"Slow, close views",
carnegie-natural-history,Carnegie Museum of Natural History,Pittsburgh,United States,8,template:generic_science,Dinosaur / fossil hall,1,exhibit,template,sci-dinosaur,,
carnegie-natural-history,Carnegie Museum of Natural History,Pittsburgh,United States,8,template:generic_science,Hands-on lab / makerspace,1,exhibit,template,sci-hands-on,,
carnegie-natural-history,Carnegie Museum of Natural History,Pittsburgh,United States,8,template:generic_science,Live animal / aquarium corner,2,exhibit,template,sci-aquarium-zone,,
carnegie-natural-history,Carnegie Museum of Natural History,Pittsburgh,United States,8,template:generic_science,Outdoor play,2,zone,template,cm-outdoor,,
carnegie-natural-history,Carnegie Museum of Natural History,Pittsburgh,United States,8,template:generic_science,Planet / space area,2,exhibit,template,sci-planet,,
carnegie-natural-history,Carnegie Museum of Natural History,Pittsburgh,United States,8,template:generic_science,Toddler soft space,2,zone,template,cm-toddler-garden,,
pittsburgh-zoo,Pittsburgh Zoo & Aquarium,Pittsburgh,United States,8,template:generic_zoo,Elephant,1,animal,template,african-elephant,"Large, memorable; confirm African vs Asian",
pittsburgh-zoo,Pittsburgh Zoo & Aquarium,Pittsburgh,United States,8,template:generic_zoo,Giraffe,1,animal,template,reticulated-giraffe,"Tall, easy for kids to spot",
pittsburgh-zoo,Pittsburgh Zoo & Aquarium,Pittsburgh,United States,8,template:generic_zoo,Lion,1,animal,template,african-lion,Iconic big cat; often near savanna,
pittsburgh-zoo,Pittsburgh Zoo & Aquarium,Pittsburgh,United States,8,template:generic_zoo,Children's zoo / farm,2,zone,template,,Rest + little kids reset,
pittsburgh-zoo,Pittsburgh Zoo & Aquarium,Pittsburgh,United States,8,template:generic_zoo,Gorilla or large ape,2,animal,template,western-lowland-gorilla,Primate house highlight,
pittsburgh-zoo,Pittsburgh Zoo & Aquarium,Pittsburgh,United States,8,template:generic_zoo,Penguin,2,animal,template,african-penguin,"Active, kid magnet",
pittsburgh-zoo,Pittsburgh Zoo & Aquarium,Pittsburgh,United States,8,template:generic_zoo,Tiger,2,animal,template,sumatran-tiger,Stripes; popular photo stop,
pittsburgh-zoo,Pittsburgh Zoo & Aquarium,Pittsburgh,United States,8,template:generic_zoo,Otter,3,animal,template,asian-small-clawed-otter,Active water play,
pittsburgh-zoo,Pittsburgh Zoo & Aquarium,Pittsburgh,United States,8,template:generic_zoo,Playground / splash if open,3,experience,template,,Energy burn between animals,
pittsburgh-zoo,Pittsburgh Zoo & Aquarium,Pittsburgh,United States,8,template:generic_zoo,Red panda,3,animal,template,red-panda,Cute climber; not giant panda,
pittsburgh-zoo,Pittsburgh Zoo & Aquarium,Pittsburgh,United States,8,template:generic_zoo,Zebra,3,animal,template,zebra,Pattern hunt,
pittsburgh-zoo,Pittsburgh Zoo & Aquarium,Pittsburgh,United States,8,template:generic_zoo,Tortoise,4,animal,template,galapagos-tortoise,"Slow, close views",
oregon-museum-science-industry,OMSI,Portland,United States,8,template:generic_science,Dinosaur / fossil hall,1,exhibit,template,sci-dinosaur,,
oregon-museum-science-industry,OMSI,Portland,United States,8,template:generic_science,Hands-on lab / makerspace,1,exhibit,template,sci-hands-on,,
oregon-museum-science-industry,OMSI,Portland,United States,8,template:generic_science,Live animal / aquarium corner,2,exhibit,template,sci-aquarium-zone,,
oregon-museum-science-industry,OMSI,Portland,United States,8,template:generic_science,Outdoor play,2,zone,template,cm-outdoor,,
oregon-museum-science-industry,OMSI,Portland,United States,8,template:generic_science,Planet / space area,2,exhibit,template,sci-planet,,
oregon-museum-science-industry,OMSI,Portland,United States,8,template:generic_science,Toddler soft space,2,zone,template,cm-toddler-garden,,
oregon-zoo,Oregon Zoo,Portland,United States,8,template:generic_zoo,Elephant,1,animal,template,african-elephant,"Large, memorable; confirm African vs Asian",
oregon-zoo,Oregon Zoo,Portland,United States,8,template:generic_zoo,Giraffe,1,animal,template,reticulated-giraffe,"Tall, easy for kids to spot",
oregon-zoo,Oregon Zoo,Portland,United States,8,template:generic_zoo,Lion,1,animal,template,african-lion,Iconic big cat; often near savanna,
oregon-zoo,Oregon Zoo,Portland,United States,8,template:generic_zoo,Children's zoo / farm,2,zone,template,,Rest + little kids reset,
oregon-zoo,Oregon Zoo,Portland,United States,8,template:generic_zoo,Gorilla or large ape,2,animal,template,western-lowland-gorilla,Primate house highlight,
oregon-zoo,Oregon Zoo,Portland,United States,8,template:generic_zoo,Penguin,2,animal,template,african-penguin,"Active, kid magnet",
oregon-zoo,Oregon Zoo,Portland,United States,8,template:generic_zoo,Tiger,2,animal,template,sumatran-tiger,Stripes; popular photo stop,
oregon-zoo,Oregon Zoo,Portland,United States,8,template:generic_zoo,Otter,3,animal,template,asian-small-clawed-otter,Active water play,
oregon-zoo,Oregon Zoo,Portland,United States,8,template:generic_zoo,Playground / splash if open,3,experience,template,,Energy burn between animals,
oregon-zoo,Oregon Zoo,Portland,United States,8,template:generic_zoo,Red panda,3,animal,template,red-panda,Cute climber; not giant panda,
oregon-zoo,Oregon Zoo,Portland,United States,8,template:generic_zoo,Zebra,3,animal,template,zebra,Pattern hunt,
oregon-zoo,Oregon Zoo,Portland,United States,8,template:generic_zoo,Tortoise,4,animal,template,galapagos-tortoise,"Slow, close views",
columbus-zoo,Columbus Zoo and Aquarium,Powell,United States,8,template:generic_zoo,Elephant,1,animal,template,african-elephant,"Large, memorable; confirm African vs Asian",
columbus-zoo,Columbus Zoo and Aquarium,Powell,United States,8,template:generic_zoo,Giraffe,1,animal,template,reticulated-giraffe,"Tall, easy for kids to spot",
columbus-zoo,Columbus Zoo and Aquarium,Powell,United States,8,template:generic_zoo,Lion,1,animal,template,african-lion,Iconic big cat; often near savanna,
columbus-zoo,Columbus Zoo and Aquarium,Powell,United States,8,template:generic_zoo,Children's zoo / farm,2,zone,template,,Rest + little kids reset,
columbus-zoo,Columbus Zoo and Aquarium,Powell,United States,8,template:generic_zoo,Gorilla or large ape,2,animal,template,western-lowland-gorilla,Primate house highlight,
columbus-zoo,Columbus Zoo and Aquarium,Powell,United States,8,template:generic_zoo,Penguin,2,animal,template,african-penguin,"Active, kid magnet",
columbus-zoo,Columbus Zoo and Aquarium,Powell,United States,8,template:generic_zoo,Tiger,2,animal,template,sumatran-tiger,Stripes; popular photo stop,
columbus-zoo,Columbus Zoo and Aquarium,Powell,United States,8,template:generic_zoo,Otter,3,animal,template,asian-small-clawed-otter,Active water play,
columbus-zoo,Columbus Zoo and Aquarium,Powell,United States,8,template:generic_zoo,Playground / splash if open,3,experience,template,,Energy burn between animals,
columbus-zoo,Columbus Zoo and Aquarium,Powell,United States,8,template:generic_zoo,Red panda,3,animal,template,red-panda,Cute climber; not giant panda,
columbus-zoo,Columbus Zoo and Aquarium,Powell,United States,8,template:generic_zoo,Zebra,3,animal,template,zebra,Pattern hunt,
columbus-zoo,Columbus Zoo and Aquarium,Powell,United States,8,template:generic_zoo,Tortoise,4,animal,template,galapagos-tortoise,"Slow, close views",
detroit-zoo,Detroit Zoo,Royal Oak,United States,8,template:generic_zoo,Elephant,1,animal,template,african-elephant,"Large, memorable; confirm African vs Asian",
detroit-zoo,Detroit Zoo,Royal Oak,United States,8,template:generic_zoo,Giraffe,1,animal,template,reticulated-giraffe,"Tall, easy for kids to spot",
detroit-zoo,Detroit Zoo,Royal Oak,United States,8,template:generic_zoo,Lion,1,animal,template,african-lion,Iconic big cat; often near savanna,
detroit-zoo,Detroit Zoo,Royal Oak,United States,8,template:generic_zoo,Children's zoo / farm,2,zone,template,,Rest + little kids reset,
detroit-zoo,Detroit Zoo,Royal Oak,United States,8,template:generic_zoo,Gorilla or large ape,2,animal,template,western-lowland-gorilla,Primate house highlight,
detroit-zoo,Detroit Zoo,Royal Oak,United States,8,template:generic_zoo,Penguin,2,animal,template,african-penguin,"Active, kid magnet",
detroit-zoo,Detroit Zoo,Royal Oak,United States,8,template:generic_zoo,Tiger,2,animal,template,sumatran-tiger,Stripes; popular photo stop,
detroit-zoo,Detroit Zoo,Royal Oak,United States,8,template:generic_zoo,Otter,3,animal,template,asian-small-clawed-otter,Active water play,
detroit-zoo,Detroit Zoo,Royal Oak,United States,8,template:generic_zoo,Playground / splash if open,3,experience,template,,Energy burn between animals,
detroit-zoo,Detroit Zoo,Royal Oak,United States,8,template:generic_zoo,Red panda,3,animal,template,red-panda,Cute climber; not giant panda,
detroit-zoo,Detroit Zoo,Royal Oak,United States,8,template:generic_zoo,Zebra,3,animal,template,zebra,Pattern hunt,
detroit-zoo,Detroit Zoo,Royal Oak,United States,8,template:generic_zoo,Tortoise,4,animal,template,galapagos-tortoise,"Slow, close views",
hogle-zoo,Utah's Hogle Zoo,Salt Lake City,United States,8,template:generic_zoo,Elephant,1,animal,template,african-elephant,"Large, memorable; confirm African vs Asian",
hogle-zoo,Utah's Hogle Zoo,Salt Lake City,United States,8,template:generic_zoo,Giraffe,1,animal,template,reticulated-giraffe,"Tall, easy for kids to spot",
hogle-zoo,Utah's Hogle Zoo,Salt Lake City,United States,8,template:generic_zoo,Lion,1,animal,template,african-lion,Iconic big cat; often near savanna,
hogle-zoo,Utah's Hogle Zoo,Salt Lake City,United States,8,template:generic_zoo,Children's zoo / farm,2,zone,template,,Rest + little kids reset,
hogle-zoo,Utah's Hogle Zoo,Salt Lake City,United States,8,template:generic_zoo,Gorilla or large ape,2,animal,template,western-lowland-gorilla,Primate house highlight,
hogle-zoo,Utah's Hogle Zoo,Salt Lake City,United States,8,template:generic_zoo,Penguin,2,animal,template,african-penguin,"Active, kid magnet",
hogle-zoo,Utah's Hogle Zoo,Salt Lake City,United States,8,template:generic_zoo,Tiger,2,animal,template,sumatran-tiger,Stripes; popular photo stop,
hogle-zoo,Utah's Hogle Zoo,Salt Lake City,United States,8,template:generic_zoo,Otter,3,animal,template,asian-small-clawed-otter,Active water play,
hogle-zoo,Utah's Hogle Zoo,Salt Lake City,United States,8,template:generic_zoo,Playground / splash if open,3,experience,template,,Energy burn between animals,
hogle-zoo,Utah's Hogle Zoo,Salt Lake City,United States,8,template:generic_zoo,Red panda,3,animal,template,red-panda,Cute climber; not giant panda,
hogle-zoo,Utah's Hogle Zoo,Salt Lake City,United States,8,template:generic_zoo,Zebra,3,animal,template,zebra,Pattern hunt,
hogle-zoo,Utah's Hogle Zoo,Salt Lake City,United States,8,template:generic_zoo,Tortoise,4,animal,template,galapagos-tortoise,"Slow, close views",
san-antonio-zoo,San Antonio Zoo,San Antonio,United States,8,template:generic_zoo,Elephant,1,animal,template,african-elephant,"Large, memorable; confirm African vs Asian",
san-antonio-zoo,San Antonio Zoo,San Antonio,United States,8,template:generic_zoo,Giraffe,1,animal,template,reticulated-giraffe,"Tall, easy for kids to spot",
san-antonio-zoo,San Antonio Zoo,San Antonio,United States,8,template:generic_zoo,Lion,1,animal,template,african-lion,Iconic big cat; often near savanna,
san-antonio-zoo,San Antonio Zoo,San Antonio,United States,8,template:generic_zoo,Children's zoo / farm,2,zone,template,,Rest + little kids reset,
san-antonio-zoo,San Antonio Zoo,San Antonio,United States,8,template:generic_zoo,Gorilla or large ape,2,animal,template,western-lowland-gorilla,Primate house highlight,
san-antonio-zoo,San Antonio Zoo,San Antonio,United States,8,template:generic_zoo,Penguin,2,animal,template,african-penguin,"Active, kid magnet",
san-antonio-zoo,San Antonio Zoo,San Antonio,United States,8,template:generic_zoo,Tiger,2,animal,template,sumatran-tiger,Stripes; popular photo stop,
san-antonio-zoo,San Antonio Zoo,San Antonio,United States,8,template:generic_zoo,Otter,3,animal,template,asian-small-clawed-otter,Active water play,
san-antonio-zoo,San Antonio Zoo,San Antonio,United States,8,template:generic_zoo,Playground / splash if open,3,experience,template,,Energy burn between animals,
san-antonio-zoo,San Antonio Zoo,San Antonio,United States,8,template:generic_zoo,Red panda,3,animal,template,red-panda,Cute climber; not giant panda,
san-antonio-zoo,San Antonio Zoo,San Antonio,United States,8,template:generic_zoo,Zebra,3,animal,template,zebra,Pattern hunt,
san-antonio-zoo,San Antonio Zoo,San Antonio,United States,8,template:generic_zoo,Tortoise,4,animal,template,galapagos-tortoise,"Slow, close views",
doseum,The DoSeum,San Antonio,United States,5,template:generic_childrens_museum,Pretend town / market,1,zone,template,cm-imaginarium,,
doseum,The DoSeum,San Antonio,United States,5,template:generic_childrens_museum,Water play,1,zone,template,cm-waterfall,,
doseum,The DoSeum,San Antonio,United States,5,template:generic_childrens_museum,Build / make studio,2,zone,template,cm-makery,,
doseum,The DoSeum,San Antonio,United States,5,template:generic_childrens_museum,Outdoor climb,2,zone,template,cm-outdoor,,
doseum,The DoSeum,San Antonio,United States,5,template:generic_childrens_museum,Toddler garden,2,zone,template,cm-toddler-garden,,
doseum,The DoSeum,San Antonio,United States,5,template:generic_childrens_museum,Art studio,3,zone,template,cm-art-lab,,
cal-academy,California Academy of Sciences,San Francisco,United States,8,template:generic_aquarium,Ray / touch pool if open,1,animal,template,stingray,Interactive,
cal-academy,California Academy of Sciences,San Francisco,United States,8,template:generic_aquarium,Shark,1,animal,template,shark,Hero tank,
cal-academy,California Academy of Sciences,San Francisco,United States,8,template:generic_aquarium,Tunnel / underwater walk,1,experience,template,,Signature aquarium moment,
cal-academy,California Academy of Sciences,San Francisco,United States,8,template:generic_aquarium,Jellyfish,2,animal,template,jellyfish,Mesmerizing for toddlers,
cal-academy,California Academy of Sciences,San Francisco,United States,8,template:generic_aquarium,Octopus,2,animal,template,octopus,Hide-and-seek fun,
cal-academy,California Academy of Sciences,San Francisco,United States,8,template:generic_aquarium,Penguin (if present),2,animal,template,african-penguin,Many aquariums have them,
cal-academy,California Academy of Sciences,San Francisco,United States,8,template:generic_aquarium,Sea turtle,2,animal,template,sea-turtle,Easy ID,
cal-academy,California Academy of Sciences,San Francisco,United States,8,template:generic_aquarium,Clownfish / reef,3,animal,template,clownfish,Color pop,
cal-academy,California Academy of Sciences,San Francisco,United States,8,template:generic_aquarium,Seahorse,3,animal,template,seahorse,Small find challenge,
seattle-aquarium,Seattle Aquarium,Seattle,United States,8,template:generic_aquarium,Ray / touch pool if open,1,animal,template,stingray,Interactive,
seattle-aquarium,Seattle Aquarium,Seattle,United States,8,template:generic_aquarium,Shark,1,animal,template,shark,Hero tank,
seattle-aquarium,Seattle Aquarium,Seattle,United States,8,template:generic_aquarium,Tunnel / underwater walk,1,experience,template,,Signature aquarium moment,
seattle-aquarium,Seattle Aquarium,Seattle,United States,8,template:generic_aquarium,Jellyfish,2,animal,template,jellyfish,Mesmerizing for toddlers,
seattle-aquarium,Seattle Aquarium,Seattle,United States,8,template:generic_aquarium,Octopus,2,animal,template,octopus,Hide-and-seek fun,
seattle-aquarium,Seattle Aquarium,Seattle,United States,8,template:generic_aquarium,Penguin (if present),2,animal,template,african-penguin,Many aquariums have them,
seattle-aquarium,Seattle Aquarium,Seattle,United States,8,template:generic_aquarium,Sea turtle,2,animal,template,sea-turtle,Easy ID,
seattle-aquarium,Seattle Aquarium,Seattle,United States,8,template:generic_aquarium,Clownfish / reef,3,animal,template,clownfish,Color pop,
seattle-aquarium,Seattle Aquarium,Seattle,United States,8,template:generic_aquarium,Seahorse,3,animal,template,seahorse,Small find challenge,
woodland-park-zoo,Woodland Park Zoo,Seattle,United States,8,template:generic_zoo,Elephant,1,animal,template,african-elephant,"Large, memorable; confirm African vs Asian",
woodland-park-zoo,Woodland Park Zoo,Seattle,United States,8,template:generic_zoo,Giraffe,1,animal,template,reticulated-giraffe,"Tall, easy for kids to spot",
woodland-park-zoo,Woodland Park Zoo,Seattle,United States,8,template:generic_zoo,Lion,1,animal,template,african-lion,Iconic big cat; often near savanna,
woodland-park-zoo,Woodland Park Zoo,Seattle,United States,8,template:generic_zoo,Children's zoo / farm,2,zone,template,,Rest + little kids reset,
woodland-park-zoo,Woodland Park Zoo,Seattle,United States,8,template:generic_zoo,Gorilla or large ape,2,animal,template,western-lowland-gorilla,Primate house highlight,
woodland-park-zoo,Woodland Park Zoo,Seattle,United States,8,template:generic_zoo,Penguin,2,animal,template,african-penguin,"Active, kid magnet",
woodland-park-zoo,Woodland Park Zoo,Seattle,United States,8,template:generic_zoo,Tiger,2,animal,template,sumatran-tiger,Stripes; popular photo stop,
woodland-park-zoo,Woodland Park Zoo,Seattle,United States,8,template:generic_zoo,Otter,3,animal,template,asian-small-clawed-otter,Active water play,
woodland-park-zoo,Woodland Park Zoo,Seattle,United States,8,template:generic_zoo,Playground / splash if open,3,experience,template,,Energy burn between animals,
woodland-park-zoo,Woodland Park Zoo,Seattle,United States,8,template:generic_zoo,Red panda,3,animal,template,red-panda,Cute climber; not giant panda,
woodland-park-zoo,Woodland Park Zoo,Seattle,United States,8,template:generic_zoo,Zebra,3,animal,template,zebra,Pattern hunt,
woodland-park-zoo,Woodland Park Zoo,Seattle,United States,8,template:generic_zoo,Tortoise,4,animal,template,galapagos-tortoise,"Slow, close views",
st-louis-zoo,Saint Louis Zoo,St. Louis,United States,8,template:generic_zoo,Elephant,1,animal,template,african-elephant,"Large, memorable; confirm African vs Asian",
st-louis-zoo,Saint Louis Zoo,St. Louis,United States,8,template:generic_zoo,Giraffe,1,animal,template,reticulated-giraffe,"Tall, easy for kids to spot",
st-louis-zoo,Saint Louis Zoo,St. Louis,United States,8,template:generic_zoo,Lion,1,animal,template,african-lion,Iconic big cat; often near savanna,
st-louis-zoo,Saint Louis Zoo,St. Louis,United States,8,template:generic_zoo,Children's zoo / farm,2,zone,template,,Rest + little kids reset,
st-louis-zoo,Saint Louis Zoo,St. Louis,United States,8,template:generic_zoo,Gorilla or large ape,2,animal,template,western-lowland-gorilla,Primate house highlight,
st-louis-zoo,Saint Louis Zoo,St. Louis,United States,8,template:generic_zoo,Penguin,2,animal,template,african-penguin,"Active, kid magnet",
st-louis-zoo,Saint Louis Zoo,St. Louis,United States,8,template:generic_zoo,Tiger,2,animal,template,sumatran-tiger,Stripes; popular photo stop,
st-louis-zoo,Saint Louis Zoo,St. Louis,United States,8,template:generic_zoo,Otter,3,animal,template,asian-small-clawed-otter,Active water play,
st-louis-zoo,Saint Louis Zoo,St. Louis,United States,8,template:generic_zoo,Playground / splash if open,3,experience,template,,Energy burn between animals,
st-louis-zoo,Saint Louis Zoo,St. Louis,United States,8,template:generic_zoo,Red panda,3,animal,template,red-panda,Cute climber; not giant panda,
st-louis-zoo,Saint Louis Zoo,St. Louis,United States,8,template:generic_zoo,Zebra,3,animal,template,zebra,Pattern hunt,
st-louis-zoo,Saint Louis Zoo,St. Louis,United States,8,template:generic_zoo,Tortoise,4,animal,template,galapagos-tortoise,"Slow, close views",
point-defiance-zoo,Point Defiance Zoo & Aquarium,Tacoma,United States,8,template:generic_zoo,Elephant,1,animal,template,african-elephant,"Large, memorable; confirm African vs Asian",
point-defiance-zoo,Point Defiance Zoo & Aquarium,Tacoma,United States,8,template:generic_zoo,Giraffe,1,animal,template,reticulated-giraffe,"Tall, easy for kids to spot",
point-defiance-zoo,Point Defiance Zoo & Aquarium,Tacoma,United States,8,template:generic_zoo,Lion,1,animal,template,african-lion,Iconic big cat; often near savanna,
point-defiance-zoo,Point Defiance Zoo & Aquarium,Tacoma,United States,8,template:generic_zoo,Children's zoo / farm,2,zone,template,,Rest + little kids reset,
point-defiance-zoo,Point Defiance Zoo & Aquarium,Tacoma,United States,8,template:generic_zoo,Gorilla or large ape,2,animal,template,western-lowland-gorilla,Primate house highlight,
point-defiance-zoo,Point Defiance Zoo & Aquarium,Tacoma,United States,8,template:generic_zoo,Penguin,2,animal,template,african-penguin,"Active, kid magnet",
point-defiance-zoo,Point Defiance Zoo & Aquarium,Tacoma,United States,8,template:generic_zoo,Tiger,2,animal,template,sumatran-tiger,Stripes; popular photo stop,
point-defiance-zoo,Point Defiance Zoo & Aquarium,Tacoma,United States,8,template:generic_zoo,Otter,3,animal,template,asian-small-clawed-otter,Active water play,
point-defiance-zoo,Point Defiance Zoo & Aquarium,Tacoma,United States,8,template:generic_zoo,Playground / splash if open,3,experience,template,,Energy burn between animals,
point-defiance-zoo,Point Defiance Zoo & Aquarium,Tacoma,United States,8,template:generic_zoo,Red panda,3,animal,template,red-panda,Cute climber; not giant panda,
point-defiance-zoo,Point Defiance Zoo & Aquarium,Tacoma,United States,8,template:generic_zoo,Zebra,3,animal,template,zebra,Pattern hunt,
point-defiance-zoo,Point Defiance Zoo & Aquarium,Tacoma,United States,8,template:generic_zoo,Tortoise,4,animal,template,galapagos-tortoise,"Slow, close views",
florida-aquarium,The Florida Aquarium,Tampa,United States,8,template:generic_aquarium,Ray / touch pool if open,1,animal,template,stingray,Interactive,
florida-aquarium,The Florida Aquarium,Tampa,United States,8,template:generic_aquarium,Shark,1,animal,template,shark,Hero tank,
florida-aquarium,The Florida Aquarium,Tampa,United States,8,template:generic_aquarium,Tunnel / underwater walk,1,experience,template,,Signature aquarium moment,
florida-aquarium,The Florida Aquarium,Tampa,United States,8,template:generic_aquarium,Jellyfish,2,animal,template,jellyfish,Mesmerizing for toddlers,
florida-aquarium,The Florida Aquarium,Tampa,United States,8,template:generic_aquarium,Octopus,2,animal,template,octopus,Hide-and-seek fun,
florida-aquarium,The Florida Aquarium,Tampa,United States,8,template:generic_aquarium,Penguin (if present),2,animal,template,african-penguin,Many aquariums have them,
florida-aquarium,The Florida Aquarium,Tampa,United States,8,template:generic_aquarium,Sea turtle,2,animal,template,sea-turtle,Easy ID,
florida-aquarium,The Florida Aquarium,Tampa,United States,8,template:generic_aquarium,Clownfish / reef,3,animal,template,clownfish,Color pop,
florida-aquarium,The Florida Aquarium,Tampa,United States,8,template:generic_aquarium,Seahorse,3,animal,template,seahorse,Small find challenge,
tampa-zoo,ZooTampa at Lowry Park,Tampa,United States,8,template:generic_zoo,Elephant,1,animal,template,african-elephant,"Large, memorable; confirm African vs Asian",
tampa-zoo,ZooTampa at Lowry Park,Tampa,United States,8,template:generic_zoo,Giraffe,1,animal,template,reticulated-giraffe,"Tall, easy for kids to spot",
tampa-zoo,ZooTampa at Lowry Park,Tampa,United States,8,template:generic_zoo,Lion,1,animal,template,african-lion,Iconic big cat; often near savanna,
tampa-zoo,ZooTampa at Lowry Park,Tampa,United States,8,template:generic_zoo,Children's zoo / farm,2,zone,template,,Rest + little kids reset,
tampa-zoo,ZooTampa at Lowry Park,Tampa,United States,8,template:generic_zoo,Gorilla or large ape,2,animal,template,western-lowland-gorilla,Primate house highlight,
tampa-zoo,ZooTampa at Lowry Park,Tampa,United States,8,template:generic_zoo,Penguin,2,animal,template,african-penguin,"Active, kid magnet",
tampa-zoo,ZooTampa at Lowry Park,Tampa,United States,8,template:generic_zoo,Tiger,2,animal,template,sumatran-tiger,Stripes; popular photo stop,
tampa-zoo,ZooTampa at Lowry Park,Tampa,United States,8,template:generic_zoo,Otter,3,animal,template,asian-small-clawed-otter,Active water play,
tampa-zoo,ZooTampa at Lowry Park,Tampa,United States,8,template:generic_zoo,Playground / splash if open,3,experience,template,,Energy burn between animals,
tampa-zoo,ZooTampa at Lowry Park,Tampa,United States,8,template:generic_zoo,Red panda,3,animal,template,red-panda,Cute climber; not giant panda,
tampa-zoo,ZooTampa at Lowry Park,Tampa,United States,8,template:generic_zoo,Zebra,3,animal,template,zebra,Pattern hunt,
tampa-zoo,ZooTampa at Lowry Park,Tampa,United States,8,template:generic_zoo,Tortoise,4,animal,template,galapagos-tortoise,"Slow, close views",
virginia-aquarium,Virginia Aquarium,Virginia Beach,United States,8,template:generic_aquarium,Ray / touch pool if open,1,animal,template,stingray,Interactive,
virginia-aquarium,Virginia Aquarium,Virginia Beach,United States,8,template:generic_aquarium,Shark,1,animal,template,shark,Hero tank,
virginia-aquarium,Virginia Aquarium,Virginia Beach,United States,8,template:generic_aquarium,Tunnel / underwater walk,1,experience,template,,Signature aquarium moment,
virginia-aquarium,Virginia Aquarium,Virginia Beach,United States,8,template:generic_aquarium,Jellyfish,2,animal,template,jellyfish,Mesmerizing for toddlers,
virginia-aquarium,Virginia Aquarium,Virginia Beach,United States,8,template:generic_aquarium,Octopus,2,animal,template,octopus,Hide-and-seek fun,
virginia-aquarium,Virginia Aquarium,Virginia Beach,United States,8,template:generic_aquarium,Penguin (if present),2,animal,template,african-penguin,Many aquariums have them,
virginia-aquarium,Virginia Aquarium,Virginia Beach,United States,8,template:generic_aquarium,Sea turtle,2,animal,template,sea-turtle,Easy ID,
virginia-aquarium,Virginia Aquarium,Virginia Beach,United States,8,template:generic_aquarium,Clownfish / reef,3,animal,template,clownfish,Color pop,
virginia-aquarium,Virginia Aquarium,Virginia Beach,United States,8,template:generic_aquarium,Seahorse,3,animal,template,seahorse,Small find challenge,
air-and-space,National Air and Space Museum,Washington,United States,8,template:generic_science,Dinosaur / fossil hall,1,exhibit,template,sci-dinosaur,,
air-and-space,National Air and Space Museum,Washington,United States,8,template:generic_science,Hands-on lab / makerspace,1,exhibit,template,sci-hands-on,,
air-and-space,National Air and Space Museum,Washington,United States,8,template:generic_science,Live animal / aquarium corner,2,exhibit,template,sci-aquarium-zone,,
air-and-space,National Air and Space Museum,Washington,United States,8,template:generic_science,Outdoor play,2,zone,template,cm-outdoor,,
air-and-space,National Air and Space Museum,Washington,United States,8,template:generic_science,Planet / space area,2,exhibit,template,sci-planet,,
air-and-space,National Air and Space Museum,Washington,United States,8,template:generic_science,Toddler soft space,2,zone,template,cm-toddler-garden,,
smithsonian-natural-history,National Museum of Natural History,Washington,United States,8,template:generic_science,Dinosaur / fossil hall,1,exhibit,template,sci-dinosaur,,
smithsonian-natural-history,National Museum of Natural History,Washington,United States,8,template:generic_science,Hands-on lab / makerspace,1,exhibit,template,sci-hands-on,,
smithsonian-natural-history,National Museum of Natural History,Washington,United States,8,template:generic_science,Live animal / aquarium corner,2,exhibit,template,sci-aquarium-zone,,
smithsonian-natural-history,National Museum of Natural History,Washington,United States,8,template:generic_science,Outdoor play,2,zone,template,cm-outdoor,,
smithsonian-natural-history,National Museum of Natural History,Washington,United States,8,template:generic_science,Planet / space area,2,exhibit,template,sci-planet,,
smithsonian-natural-history,National Museum of Natural History,Washington,United States,8,template:generic_science,Toddler soft space,2,zone,template,cm-toddler-garden,,
